x,y
2324,4
3403,4
84,5
1963,5
2238,5
1679,6
85,7
1615,7
2494,7
2842,7
3346,7
2971,8
3652,8
3889,8
4013,8
703,9
3964,9
4013,10
435,11
3251,11
3367,11
88,12
2746,14
732,15
1002,15
1918,15
3037,15
1014,16
3696,19
93,20
2713,20
1453,21
1567,21
1088,22
1084,24
1315,24
3071,24
3428,24
527,26
1947,26
3230,26
494,27
3748,27
1396,28
1597,30
1924,30
2569,30
3456,30
2425,31
2619,33
3570,33
100,34
1981,34
3539,35
2514,36
102,37
1078,38
1308,38
1568,38
2722,38
2878,38
246,39
1875,39
3009,40
1549,41
2829,41
568,42
2953,42
465,43
2419,43
2612,43
719,44
2578,44
1350,45
1883,45
3031,45
2877,47
2354,48
149,49
2148,49
110,50
3648,50
1661,52
1758,52
2001,52
1680,53
1022,54
2231,54
2648,54
2655,54
2041,55
2330,55
1460,56
1483,56
3206,58
3772,58
1213,59
242,60
1381,60
2384,60
2097,62
202,63
505,63
1015,64
1806,64
2794,65
3059,65
3323,65
1889,66
3092,66
1712,68
3231,68
1808,69
436,70
1706,70
3819,71
1781,72
2672,72
882,73
4079,74
522,75
3015,75
738,76
3214,76
2965,77
3206,77
1156,78
2007,78
3681,78
3030,79
3750,80
4062,80
1258,81
1853,81
3310,81
268,82
3369,82
891,83
486,84
1245,84
1252,87
1428,89
1913,90
1550,91
3440,91
3883,91
504,92
888,93
1746,93
2003,93
3859,93
1005,94
2011,94
3870,95
1763,97
2779,97
3859,97
652,98
875,98
1199,98
2700,98
3154,98
20,99
2663,99
2824,99
3860,99
3019,100
3296,100
1049,101
3209,101
3439,101
710,102
3433,102
844,103
2500,103
2866,103
23,104
1083,104
804,105
618,106
287,107
3367,108
351,109
3968,109
27,110
2588,110
2307,111
1100,113
2840,113
2263,114
2976,114
2972,115
3141,115
3470,115
244,116
31,117
3243,117
3435,117
3863,117
1822,118
1550,119
2289,119
2552,119
3594,119
1151,120
2069,121
124,122
2091,122
3858,122
1323,125
1505,125
2335,125
1269,126
1390,126
1725,126
75,127
686,127
1004,127
1698,127
3383,127
2565,128
408,129
2943,129
39,130
2062,130
3844,130
3524,131
955,132
1436,132
2692,132
41,133
1539,133
1816,133
1294,134
2516,134
2677,134
3443,134
711,135
1344,135
1728,135
1804,135
2414,135
3165,135
43,136
3791,136
3804,136
1553,137
2060,137
3684,137
3480,139
1984,140
2408,140
1203,141
2273,141
2303,141
1429,142
3114,142
2788,143
3776,143
1628,144
3799,144
437,145
1002,145
1263,145
3371,147
366,148
1290,148
347,150
2268,150
3053,150
1096,151
1449,151
2246,151
2883,151
1106,152
1845,152
1450,153
2435,153
4008,153
1207,156
1621,157
2299,157
3677,157
2251,158
2333,158
2897,158
57,159
1631,159
482,160
389,161
3913,161
3987,161
850,162
1141,162
2267,162
3020,163
495,164
3272,164
61,165
1435,165
2011,165
2182,165
2298,165
3168,167
3952,167
914,168
471,169
1853,169
3148,169
594,170
2311,171
3223,171
65,172
3645,172
342,173
2168,174
1985,177
250,178
2927,178
43,179
2434,179
2906,179
668,180
1526,180
2638,180
786,181
4038,182
648,183
562,184
1368,185
1645,185
2303,185
2485,186
2020,187
619,188
1328,188
3251,189
1441,190
2445,191
281,192
1127,192
1543,192
1690,193
2716,193
3430,193
3654,193
1213,194
1227,194
2966,194
3126,194
3159,195
2548,196
1044,197
2566,199
4009,199
1488,200
3016,200
83,201
1526,201
1649,201
2717,202
3654,202
3802,202
2328,203
1511,204
1923,204
2795,204
173,205
220,205
2646,206
3622,206
3779,206
3648,207
649,208
3659,208
947,209
1780,209
3348,209
3117,210
3936,211
2282,212
2810,213
3595,213
2800,214
3545,214
3847,215
322,216
999,216
2116,216
2605,216
461,218
3308,218
19,219
1416,219
591,220
611,220
2389,221
2477,221
2987,221
1952,222
3097,222
142,223
4001,223
2698,225
2797,225
1589,226
2466,226
1799,227
131,229
544,230
1863,230
2261,231
2676,231
96,232
3736,232
4057,232
3232,233
1596,234
129,236
8,237
2468,238
3638,239
1891,240
1318,241
2526,241
3839,242
739,243
1908,243
1238,244
2157,244
1865,245
1906,245
2996,245
734,246
1235,246
231,247
264,249
21,251
312,251
290,252
1515,252
2200,252
2279,252
3481,252
1225,253
2789,254
1936,255
2385,255
2646,255
1202,256
1990,257
2244,257
449,258
3431,258
4038,258
1606,259
3751,259
229,260
708,260
947,261
2845,261
3168,261
3246,262
1753,264
3292,264
2391,265
2848,265
3352,265
3708,265
3764,265
528,266
1863,266
3582,266
1904,268
238,270
276,270
1708,270
3205,270
4071,270
2944,271
3531,271
3758,271
3282,273
700,274
757,274
1974,274
3597,274
3707,275
2606,276
705,277
1134,277
2064,277
3271,277
499,278
876,278
3746,278
796,280
2551,280
2103,281
499,282
539,282
3956,282
1882,283
1886,283
1128,284
1845,285
1967,285
47,286
561,286
2701,286
2897,287
370,288
1034,288
308,292
792,292
1435,292
1230,293
2581,293
3992,293
1462,295
1084,296
1684,296
2012,296
3597,296
3221,298
1944,299
1106,301
2295,301
2615,301
3938,302
3811,303
1823,304
3018,304
4029,304
773,305
2248,305
2510,305
3872,305
5,306
3876,307
1832,308
1480,309
3827,309
1765,310
3670,311
1308,312
8,314
4051,314
586,315
453,316
1518,316
3091,316
3390,316
19,317
2655,317
3459,318
3606,318
1888,319
3369,319
1553,320
3091,320
126,321
1346,321
2592,322
3686,324
3883,324
276,325
909,325
3867,325
13,326
2997,326
141,328
2997,328
3594,328
237,330
2367,330
3725,330
10,331
1794,331
276,332
1409,332
2696,332
2910,332
2948,332
3740,332
3774,332
2969,333
3189,333
3209,333
3961,333
259,334
1446,334
110,335
525,335
3730,337
180,338
772,338
3336,338
1881,339
856,340
4015,340
2019,341
3444,341
3622,341
233,342
1673,342
3240,342
3364,342
1743,343
2046,343
2739,344
3718,344
55,345
1025,346
3512,346
756,349
3311,349
2428,351
3345,351
789,352
1028,352
3668,353
585,355
2603,355
3871,355
1724,356
2291,358
2805,358
3155,358
2106,359
2746,359
3180,359
3981,359
1346,360
1653,360
2533,360
3349,360
1797,361
3206,361
3041,362
3477,362
2530,363
3726,365
971,368
2150,369
3604,370
1419,372
1869,372
510,374
1122,374
2225,375
2398,375
3912,376
3486,377
14,378
789,378
697,379
2721,379
300,380
902,381
3169,381
2329,382
2436,383
526,385
2150,385
3452,385
1296,386
1541,387
2455,388
1035,389
2105,389
2796,389
3680,389
2452,390
2922,390
3665,390
3647,391
2856,392
562,393
677,393
1849,393
1129,395
1932,395
2780,396
3075,396
1212,398
1732,398
1950,398
2837,399
1112,401
748,402
1038,402
1825,403
2740,403
3054,403
4026,403
2365,404
2662,404
3519,404
821,405
2737,405
1316,407
147,408
624,408
3479,408
2255,409
3038,409
1124,410
3193,410
1363,411
1959,411
1226,412
3814,412
304,414
1160,414
3197,414
3140,415
429,416
1157,416
2910,416
291,417
1234,417
3131,417
3822,417
2193,418
2836,418
634,419
3279,419
3339,419
3361,420
3353,421
429,422
2255,422
26,423
946,424
1429,424
1843,424
1781,425
380,426
407,426
134,428
450,428
2924,428
3737,428
359,429
1828,431
1074,432
1427,432
2079,433
2870,433
3839,433
730,434
2476,434
4006,434
2720,435
1145,436
1957,436
2283,437
2372,437
612,438
2285,438
3207,438
1572,439
2137,439
3111,439
3419,439
1208,440
3508,440
1920,441
1969,441
2497,442
3053,442
3682,443
1397,444
2144,444
2598,446
3807,447
3415,448
1742,449
1812,449
1925,450
2484,450
3290,452
3665,452
2081,453
2598,453
3047,453
414,454
668,454
310,455
895,455
1262,455
3021,457
3244,457
3983,457
1613,458
567,459
1053,459
3456,459
2134,460
939,461
2269,461
4051,461
3298,462
1927,463
1948,463
3896,463
1445,464
3865,465
2671,467
3412,467
1593,468
1851,468
2901,468
3013,468
1150,469
1647,470
2125,471
762,473
2218,473
2323,473
3609,473
478,475
2862,475
823,476
3094,476
996,477
1655,478
678,480
3059,480
482,481
3038,481
2156,483
4067,483
1086,484
901,485
1291,486
856,487
40,488
3324,488
3379,488
64,492
2618,492
229,493
2216,493
2604,493
2785,493
761,495
1634,496
715,497
3054,497
2819,498
4082,498
3673,500
162,501
190,501
230,501
2941,501
3457,501
417,502
1371,502
1926,502
2175,502
2938,502
3295,502
1668,503
468,504
753,505
1925,505
271,506
275,506
617,506
1780,506
3056,506
1323,507
3316,507
916,508
2092,508
1058,509
1079,509
2305,509
3716,509
2519,510
2883,512
3093,512
3724,512
3779,512
2407,514
3775,514
3314,515
2038,516
3739,517
3806,517
3909,517
684,518
2027,519
1990,520
1505,521
2198,521
2580,521
2723,522
2211,523
2572,523
923,524
1049,524
51,525
2035,525
3051,525
571,526
1913,526
2734,526
588,528
1790,528
3558,528
121,529
3419,529
3475,530
1131,531
3023,531
1379,532
597,534
1767,534
3072,535
458,536
4061,536
2079,539
2038,540
2983,540
4082,540
978,541
1143,541
237,542
406,542
971,542
2810,542
1263,543
1990,543
236,544
969,544
327,545
2425,545
2533,546
2071,548
425,549
1180,550
3303,550
3785,550
430,551
1890,551
2730,551
632,552
1384,553
2729,553
3596,553
471,554
1787,555
2708,555
3045,556
1896,557
2079,557
444,558
1903,558
3407,558
3507,558
3859,558
4071,558
542,559
1034,560
2592,560
3137,560
1002,561
353,563
2240,563
4091,563
2725,564
793,565
3232,565
983,566
1318,566
1520,566
2041,567
3700,568
1194,569
3961,569
967,570
3270,570
2088,571
2097,571
2143,571
3038,571
2334,572
2526,572
1486,573
2649,573
2811,573
1799,574
3702,574
3948,574
1236,575
3880,575
2333,576
2565,576
464,577
719,578
1736,578
2713,578
3434,578
256,580
1115,580
1494,582
3135,582
3506,582
2585,583
3487,583
559,584
1300,584
1801,584
3337,584
755,585
3174,587
451,588
2359,588
2920,588
575,589
2748,589
411,591
2286,591
3198,591
3643,591
1775,592
1817,592
2461,592
2877,592
3512,592
1886,593
2965,594
3721,594
382,595
467,595
2791,595
110,596
1962,596
366,597
1883,597
364,598
555,598
563,598
3188,598
3049,600
3630,600
2064,601
1077,602
2618,602
2671,602
2459,603
3071,603
3859,603
1909,604
1911,605
3380,605
911,606
4029,606
1484,610
1671,610
1908,610
2241,610
1869,611
3282,611
3679,612
2001,613
3099,613
2727,614
4042,615
488,616
2980,616
3581,616
131,618
686,618
1369,618
2199,618
1937,619
1674,620
3873,620
3932,621
991,622
1387,622
3673,622
3707,623
1509,624
1025,625
1123,625
1995,625
3991,625
1183,626
4086,626
865,628
1440,630
288,631
1828,631
2767,632
1309,633
3674,634
4083,634
3615,635
2394,638
2946,638
3504,638
3479,640
2064,641
2506,641
3275,641
634,642
2357,643
745,644
1207,644
2214,644
2600,644
2698,644
3450,644
877,645
904,645
215,646
1458,646
3998,646
10,647
529,648
3613,650
170,652
404,652
620,653
601,654
3838,654
1809,655
1042,656
1552,657
29,659
2561,659
2812,659
3102,659
3139,660
167,661
2077,661
2462,661
1788,662
2595,663
791,664
1738,664
3320,664
2892,665
1670,667
3084,667
1114,668
3720,668
1482,669
1610,670
1683,670
2613,670
3053,670
3945,670
461,671
3475,671
3643,672
2130,673
2252,673
2926,673
3161,673
1910,674
2045,674
2714,674
150,675
1902,675
3272,675
1834,676
2552,676
469,677
1218,677
1314,677
2664,677
1873,678
3113,678
3860,678
203,679
2693,679
2505,681
903,682
945,682
1468,682
1364,684
2735,684
469,685
3127,685
4050,685
2128,686
2629,687
3234,687
3443,687
3599,687
3459,688
941,689
460,690
2937,690
1230,693
2442,693
636,694
2268,694
2010,695
2333,695
3922,695
512,696
1327,696
1785,696
1965,697
3116,697
3262,697
1399,698
1616,698
2868,700
23,701
4084,701
275,702
1380,702
3492,702
4011,702
3340,703
1473,704
26,706
2933,706
1343,707
3323,707
116,708
1252,708
1610,709
629,710
1382,710
3859,710
984,711
2222,711
30,712
2805,712
2906,712
3884,712
2404,713
1530,714
3191,714
434,715
2046,715
772,719
2512,719
3734,719
125,720
429,721
157,723
777,724
3611,724
3910,724
526,725
1942,725
3986,726
4049,726
1730,727
2718,727
423,728
284,729
467,729
1120,729
3446,729
2020,731
1626,733
1961,734
2698,734
414,735
655,735
3941,735
87,738
348,738
1693,738
2059,738
3746,739
47,740
640,740
1639,740
2391,740
3340,740
286,741
597,742
2324,743
2981,743
1046,744
3668,744
1901,745
1620,746
1287,747
3272,747
3562,747
3844,747
1314,748
2544,748
3335,748
3382,748
672,749
688,749
3463,749
2860,751
980,752
1261,752
1532,752
3621,752
55,753
2463,753
2556,754
1416,755
1950,755
2925,755
3216,755
504,757
912,757
3773,757
491,758
2572,759
3308,759
179,760
60,761
812,761
1675,761
2292,761
3372,761
1074,762
2048,762
2606,763
3848,763
222,764
3073,764
3749,764
3854,764
28,766
1944,767
3274,768
3916,768
257,769
2691,772
2958,773
602,774
1547,775
3334,775
49,776
3017,776
352,777
866,777
2574,777
3785,777
3975,777
3194,779
3811,779
1187,782
2018,782
637,783
2166,783
2972,783
1527,784
2617,784
153,785
926,786
2101,786
360,788
2396,788
2931,788
2557,789
3699,789
2145,791
3428,791
3916,791
965,792
533,793
1529,793
111,794
819,794
2254,794
3447,794
3833,794
3813,796
4058,796
1122,797
2129,797
356,798
4091,798
179,799
2231,799
359,802
2261,802
3936,802
2699,803
1724,805
16,806
1588,806
2123,806
2433,806
2310,807
2145,808
2163,808
14,809
2117,809
3573,809
4042,809
1191,810
4066,810
1161,812
633,813
1088,814
3200,814
3594,814
1496,816
1311,817
2914,817
3148,817
3925,819
8,820
750,820
1468,820
209,821
11,825
4074,826
1392,827
1849,828
3757,828
662,830
2051,830
2719,830
1106,831
1732,833
697,834
1560,834
3529,834
3710,835
2157,836
3618,836
1097,837
3482,837
714,838
741,838
2839,839
3299,840
1300,841
3221,841
3568,841
265,842
2928,842
2277,843
1224,845
3731,845
4074,845
458,846
1178,846
2158,846
4017,846
2211,847
3844,848
2260,849
2642,849
2860,851
3553,852
498,853
2205,853
790,854
3817,854
644,856
1105,860
2909,860
3666,860
3927,860
513,862
1981,862
3130,863
1192,864
242,866
1312,866
511,867
655,867
1973,868
2026,868
1054,869
1440,869
2513,871
231,873
480,873
1495,873
2247,873
2360,873
943,874
1963,875
2265,875
140,877
261,877
1103,877
2316,877
563,878
1162,878
1624,878
3490,878
3746,879
406,880
261,881
459,881
1538,881
2986,882
3112,882
237,883
2645,884
879,885
1683,886
3593,887
176,889
201,889
384,889
2031,889
392,890
858,890
1744,890
2442,890
3598,890
3288,891
1024,893
2204,893
4008,894
1247,895
2944,895
1753,896
611,897
1675,897
2892,897
1342,899
3828,899
689,900
1102,901
3087,901
4061,901
2051,903
652,905
3511,905
641,907
3106,907
483,908
384,909
1326,909
2002,909
2809,909
2098,910
2433,910
1102,911
1232,911
4028,911
2218,913
3976,913
2478,915
3771,915
1123,916
1816,917
2462,917
3639,917
131,918
724,918
795,918
3783,918
2909,919
2427,921
3832,921
3927,921
1446,922
1631,923
31,924
2029,924
495,925
892,925
2537,926
1054,927
3273,927
420,929
1671,929
3702,930
381,931
3608,931
2057,933
3166,933
1381,934
1944,934
1156,936
4032,936
2018,937
3985,937
759,938
585,940
1696,941
1052,943
2802,944
3982,944
3006,945
3649,945
466,946
1756,947
2758,949
3295,949
3589,949
3635,949
579,950
3476,950
366,951
1335,952
3166,952
2745,953
289,954
2247,954
3489,954
93,955
164,955
168,955
1201,955
613,956
1115,956
3184,956
2513,958
2283,959
3651,959
194,960
268,961
2324,961
3115,961
981,963
3201,963
2163,965
2773,965
3162,965
758,967
1418,969
659,970
3032,971
3309,971
276,972
1269,972
3834,972
4057,972
3468,973
3445,974
3737,974
426,975
543,975
949,975
512,976
251,978
1058,979
2575,979
3119,980
3055,981
1334,982
670,983
843,983
1194,983
2404,983
3388,984
1621,986
1679,986
696,987
3833,987
130,989
2162,989
1299,990
1509,990
102,991
1080,991
376,992
756,994
1599,995
620,996
1888,996
740,997
2483,997
520,998
1994,998
166,1000
1269,1000
2764,1000
2285,1002
3835,1002
3894,1002
825,1004
856,1004
1363,1004
2966,1005
443,1007
1097,1009
1590,1009
4078,1009
1106,1010
2099,1010
2270,1010
3257,1010
2541,1011
3889,1011
3656,1012
1237,1013
2564,1013
1100,1014
1631,1014
2212,1015
1742,1016
2029,1016
3916,1016
1056,1017
1470,1017
1759,1017
1862,1017
3338,1017
3360,1017
2461,1018
3437,1019
1958,1020
532,1021
2093,1022
2290,1022
2235,1024
1555,1025
2463,1025
311,1027
1127,1027
1145,1027
1965,1027
3780,1027
106,1029
275,1030
3990,1030
2742,1031
2925,1031
2993,1031
2030,1032
1293,1033
2869,1034
2872,1035
1555,1036
1703,1037
1581,1038
2423,1040
1593,1041
1793,1042
2605,1042
877,1043
1992,1043
3647,1044
532,1045
625,1046
3532,1046
2272,1047
403,1049
2350,1049
3342,1049
3860,1049
645,1050
1628,1050
3969,1051
2212,1052
961,1053
1983,1053
2914,1053
1072,1054
1471,1054
2173,1055
2859,1055
1108,1056
1933,1056
796,1057
793,1058
2302,1058
2743,1058
1005,1059
2102,1059
425,1060
1467,1061
2277,1061
738,1062
1452,1065
2342,1065
3640,1065
69,1066
822,1066
3662,1066
605,1068
3505,1068
819,1069
3902,1069
57,1070
519,1070
1268,1070
938,1071
3549,1071
3915,1071
1595,1072
2828,1072
1551,1073
2198,1073
1183,1074
3926,1074
1273,1075
1860,1075
2549,1075
3775,1075
107,1076
3309,1078
224,1079
1134,1080
1284,1080
3508,1080
3578,1080
218,1081
1082,1081
2856,1081
3190,1081
4004,1081
3674,1082
2915,1083
396,1084
258,1085
2645,1085
2842,1086
3243,1086
165,1088
1937,1088
55,1089
1432,1089
3853,1089
2017,1091
1066,1092
2353,1092
219,1093
270,1093
751,1093
1981,1093
1997,1093
2662,1093
3162,1093
2866,1094
1636,1095
3678,1095
437,1096
3586,1097
3205,1098
69,1099
2571,1099
48,1100
1055,1100
3760,1100
3232,1101
3788,1101
47,1102
2013,1102
1193,1103
1329,1104
65,1105
1905,1105
3101,1106
2861,1107
816,1108
3923,1108
108,1109
2553,1109
2977,1109
2900,1111
2422,1112
3588,1112
3858,1112
929,1113
1852,1113
198,1114
2231,1114
3704,1114
39,1115
2130,1115
2312,1115
2855,1115
2374,1116
2852,1116
1268,1117
1789,1117
2594,1117
3947,1117
138,1118
1204,1119
187,1120
3565,1121
35,1122
1138,1122
1523,1122
2462,1122
803,1123
1836,1123
1964,1123
3802,1123
2308,1124
562,1126
1599,1127
1810,1127
3059,1127
129,1128
667,1128
1943,1128
2843,1129
424,1131
3753,1131
113,1132
2467,1132
2657,1132
3937,1132
1130,1133
1669,1133
3595,1134
2144,1135
1116,1136
1979,1137
25,1138
1082,1138
729,1139
3431,1139
545,1140
1876,1140
2154,1141
3708,1141
3533,1142
22,1143
517,1143
1618,1144
3855,1145
850,1146
969,1147
1144,1147
2742,1147
362,1148
1432,1148
3133,1148
3659,1148
3045,1149
1271,1151
2437,1152
3077,1154
15,1155
1037,1155
1447,1157
3980,1157
2225,1158
2696,1158
3266,1160
156,1161
4018,1161
651,1162
1724,1163
2348,1163
4022,1163
4076,1164
1416,1165
1840,1166
3925,1166
341,1167
970,1168
1318,1168
2059,1168
3676,1168
1269,1169
2880,1169
3036,1169
4073,1169
269,1170
2694,1170
2388,1171
3970,1172
222,1173
1232,1173
3097,1173
1404,1174
245,1175
2107,1175
99,1177
1523,1178
3546,1178
371,1179
3485,1179
20,1180
2818,1180
2107,1181
3798,1181
3047,1182
1350,1183
2040,1183
3121,1183
3239,1183
251,1184
671,1184
1362,1184
1796,1184
2262,1184
1770,1185
2067,1185
2646,1185
3609,1185
1310,1186
1334,1186
2025,1186
612,1187
776,1187
1314,1187
2585,1187
3406,1187
3572,1187
2697,1188
3868,1188
515,1189
3636,1189
1797,1190
465,1191
1609,1191
1126,1192
242,1193
1694,1193
2565,1193
289,1195
438,1195
3690,1196
210,1198
998,1198
2948,1198
3066,1199
383,1203
1369,1203
2051,1203
1112,1205
1602,1205
1419,1207
1044,1208
1103,1208
1455,1208
2151,1208
3198,1208
3848,1208
683,1209
2489,1209
3359,1209
67,1210
3766,1210
3426,1211
2162,1213
2380,1213
1793,1214
2948,1214
3095,1215
3551,1215
2437,1216
3655,1216
2587,1217
1974,1218
2768,1218
2140,1219
251,1220
1632,1220
2530,1220
3037,1221
1928,1222
2811,1222
2228,1223
2886,1224
2901,1224
3295,1224
972,1225
3058,1226
23,1227
1375,1227
2196,1227
4084,1227
3349,1229
3946,1230
384,1231
621,1231
986,1231
1106,1232
2846,1232
823,1233
1819,1233
2281,1233
2772,1233
2942,1233
1100,1235
1485,1235
307,1236
1054,1236
2001,1236
1837,1238
2207,1238
3662,1238
3913,1243
2591,1244
3127,1244
1129,1245
2985,1245
1096,1246
2533,1246
2809,1246
2855,1246
3169,1246
3563,1246
655,1247
408,1248
662,1249
234,1250
2428,1250
2471,1250
555,1251
780,1251
1948,1252
3639,1252
1547,1253
2760,1253
1429,1254
2227,1255
2220,1256
3899,1256
2757,1257
948,1258
1452,1259
3087,1259
3543,1260
1740,1261
1837,1261
3748,1261
3715,1263
3824,1264
4002,1264
1566,1265
2059,1265
2794,1265
1085,1266
304,1267
537,1267
652,1267
732,1267
1393,1268
989,1270
1753,1270
3965,1270
4072,1270
519,1271
3436,1271
805,1272
2362,1272
297,1274
645,1274
1086,1274
457,1276
22,1277
3211,1277
846,1279
1421,1279
2220,1279
497,1280
3357,1280
4053,1280
1471,1282
3137,1282
87,1283
2882,1285
3218,1285
2318,1287
3149,1288
1728,1290
1274,1291
2298,1292
2610,1294
3672,1295
1530,1296
1768,1296
2360,1296
3662,1296
1540,1297
3209,1297
2022,1299
2995,1299
2870,1300
3870,1301
2364,1304
4040,1304
306,1305
935,1307
1703,1307
800,1308
2997,1309
1394,1310
2091,1310
1673,1312
3067,1312
1075,1313
2864,1313
187,1314
1815,1314
2721,1314
3849,1314
44,1315
3217,1315
461,1316
1799,1318
3921,1318
1238,1319
845,1320
3084,1320
673,1321
1358,1321
2931,1321
2456,1322
2842,1322
1357,1323
2949,1325
3059,1325
1376,1326
1735,1326
2298,1327
1415,1329
1795,1329
2160,1329
2967,1329
1464,1330
1701,1330
2564,1330
694,1331
3207,1331
3772,1331
520,1333
2067,1334
3842,1334
1386,1338
3870,1338
2525,1339
3856,1340
2531,1341
2816,1341
3562,1341
211,1342
3416,1342
436,1343
1808,1343
2388,1343
3034,1344
2379,1345
1163,1346
2083,1346
1264,1347
2731,1347
3519,1347
3504,1348
856,1349
1795,1349
786,1350
2713,1350
2845,1350
52,1351
3230,1351
3892,1351
887,1352
273,1353
1430,1353
3248,1353
3630,1354
227,1355
619,1355
688,1355
3478,1355
49,1356
1288,1356
3328,1356
1976,1357
1999,1358
47,1360
2306,1360
2438,1360
2627,1360
3128,1360
2493,1361
115,1362
3131,1362
675,1363
4090,1363
973,1364
44,1365
1790,1365
3264,1365
480,1366
1092,1366
3249,1367
3455,1368
1649,1369
569,1370
755,1370
1802,1370
2244,1371
3880,1371
1476,1372
2410,1372
2579,1372
2962,1372
3959,1372
885,1373
134,1374
1882,1374
2455,1374
3678,1374
681,1375
833,1375
3647,1375
2429,1376
3953,1376
2735,1377
2322,1378
2398,1378
2595,1378
3809,1379
1358,1381
2301,1381
2381,1381
2771,1382
2154,1384
3090,1384
3029,1385
3237,1386
3474,1386
3553,1386
92,1387
2600,1387
3153,1387
749,1390
3740,1392
748,1393
1642,1393
1413,1394
432,1395
717,1395
1333,1395
2034,1395
274,1396
24,1398
3259,1398
3495,1398
230,1399
3649,1399
1739,1400
203,1401
2674,1401
828,1402
1511,1402
3768,1402
1962,1403
3214,1404
587,1405
882,1405
1592,1406
1687,1406
2821,1406
3243,1406
3694,1406
3953,1406
4034,1406
380,1407
400,1408
2522,1408
1027,1409
1448,1409
2867,1409
1319,1410
1840,1410
2890,1410
3518,1411
352,1412
748,1412
1263,1412
1577,1412
3903,1413
2767,1414
187,1415
3474,1415
3977,1415
412,1416
3197,1416
2360,1417
2683,1419
2936,1420
3561,1422
3791,1422
860,1423
4003,1425
4090,1425
3275,1426
3415,1426
27,1427
1795,1427
2580,1427
3822,1427
4004,1427
1182,1429
2699,1429
302,1430
480,1430
1437,1430
3828,1430
2246,1431
1457,1433
1485,1433
2687,1433
3333,1433
3481,1434
4041,1434
4017,1435
3038,1437
3361,1438
492,1439
649,1439
813,1439
340,1440
216,1441
1818,1441
700,1442
3082,1442
606,1443
2072,1443
3375,1444
1536,1446
2385,1446
818,1447
3071,1447
3590,1448
1723,1449
3573,1450
3381,1451
1312,1452
1857,1452
2427,1452
2592,1452
203,1453
756,1453
1234,1453
2375,1453
867,1454
1644,1455
2332,1455
2425,1455
2695,1455
1537,1456
3497,1456
970,1457
3635,1457
673,1458
643,1459
3043,1459
3707,1461
3869,1461
790,1462
3315,1462
3028,1463
755,1465
2264,1465
2434,1465
2452,1465
3330,1466
965,1467
2818,1468
3789,1468
1554,1469
2528,1469
1194,1470
3892,1470
4016,1470
2714,1471
86,1472
3368,1472
122,1474
3031,1474
3320,1474
380,1475
1716,1475
2580,1475
2744,1476
3685,1477
1671,1478
2386,1478
143,1479
2201,1479
2891,1481
3230,1481
931,1482
1041,1483
1152,1483
1853,1484
2820,1485
2885,1485
65,1486
3707,1486
3954,1486
2529,1487
1948,1488
414,1489
1322,1489
1651,1490
2077,1490
3115,1490
1954,1491
2911,1491
2118,1492
428,1495
1214,1495
2498,1497
973,1498
2321,1498
1138,1499
2264,1500
3311,1500
3791,1500
4078,1500
1077,1501
2086,1501
1920,1502
329,1503
1321,1504
2600,1504
282,1505
794,1505
1924,1506
2167,1506
3254,1506
3897,1506
2319,1507
2983,1507
3073,1507
3373,1507
3428,1508
3876,1508
2922,1509
3491,1510
3799,1510
2754,1511
3078,1511
3105,1511
2005,1512
2658,1512
3988,1512
1890,1514
2599,1514
1103,1515
1233,1515
2056,1515
2609,1515
3851,1515
528,1516
785,1516
2464,1516
3712,1516
51,1518
2240,1519
822,1520
3443,1521
844,1522
1252,1522
2211,1522
3608,1522
805,1523
2049,1523
3923,1523
162,1525
2085,1525
938,1526
2108,1526
84,1527
322,1527
1310,1527
1792,1528
2154,1528
2866,1528
3383,1528
462,1529
477,1529
3393,1530
2430,1531
4053,1531
1320,1532
1604,1532
1770,1532
2423,1534
2581,1534
225,1535
1720,1535
3647,1535
3852,1535
2025,1536
3391,1536
2290,1537
2897,1538
3149,1538
2678,1539
54,1540
2697,1540
678,1542
3127,1542
3312,1542
2784,1543
1472,1546
3094,1546
3587,1546
8,1547
1808,1547
3231,1551
2681,1553
1100,1554
2055,1555
3916,1555
191,1556
3786,1556
1077,1558
3255,1558
1223,1559
2646,1559
584,1561
746,1561
2798,1561
1631,1562
457,1563
1849,1564
3397,1564
1522,1565
3820,1566
803,1567
3815,1567
4052,1567
579,1568
1563,1568
2560,1568
2925,1568
2602,1569
3660,1569
4032,1569
1586,1570
2165,1570
2885,1571
512,1573
868,1573
3822,1573
394,1574
1990,1574
10,1575
804,1575
1765,1575
2979,1576
593,1577
2908,1577
287,1578
1160,1578
2208,1578
220,1579
1032,1579
985,1580
2531,1582
3807,1583
2789,1584
2036,1586
2951,1586
4029,1586
1843,1587
3989,1587
2869,1588
1612,1589
616,1590
1972,1590
1355,1592
2354,1592
3577,1592
3881,1592
834,1593
3461,1593
95,1594
3288,1594
1778,1595
2158,1595
3715,1595
3939,1595
78,1596
2686,1596
3451,1596
1159,1597
1617,1598
1764,1598
3057,1598
44,1599
630,1599
2904,1599
3129,1599
1595,1600
3145,1600
961,1601
2237,1601
3902,1601
68,1602
267,1603
794,1603
975,1604
1688,1604
1511,1605
2200,1605
3584,1605
3243,1606
2535,1607
1583,1608
3108,1609
3758,1610
2723,1611
821,1612
1362,1613
2628,1613
285,1614
3364,1614
925,1615
252,1617
406,1617
1413,1617
2697,1618
3648,1618
4055,1618
413,1619
3162,1619
566,1620
1003,1620
1886,1620
2718,1620
1210,1621
3867,1621
624,1622
1563,1623
2838,1623
3494,1623
1960,1624
3124,1624
3251,1625
315,1626
1049,1626
323,1627
3954,1628
323,1629
749,1629
1405,1629
3119,1629
771,1630
118,1631
3806,1631
336,1632
2459,1632
2950,1632
389,1633
1625,1633
2097,1634
3475,1634
1873,1635
2412,1635
999,1636
1233,1636
295,1637
495,1637
580,1637
1969,1638
2114,1639
3451,1639
793,1641
101,1642
2369,1642
3875,1643
1680,1644
2284,1644
2401,1644
3364,1644
2055,1645
3078,1645
2560,1646
2716,1646
767,1648
2855,1648
2898,1648
3224,1648
2925,1649
3069,1649
3084,1649
3991,1649
2175,1651
2355,1651
3060,1651
1392,1652
282,1653
2001,1653
3203,1653
1525,1654
2082,1654
3743,1654
484,1655
777,1655
2852,1655
3333,1655
1062,1656
1364,1656
891,1657
1088,1658
3654,1659
1313,1660
3399,1662
548,1663
2651,1663
2227,1665
3798,1665
383,1666
1042,1666
2134,1666
2334,1666
873,1667
3767,1668
1726,1669
4002,1669
141,1670
2114,1671
2965,1671
1624,1672
1446,1673
1660,1673
1778,1673
2848,1673
2729,1675
39,1676
627,1676
3429,1676
3771,1677
4084,1677
1262,1678
1339,1680
2936,1680
985,1681
3182,1681
3901,1681
3101,1682
106,1683
4033,1683
1514,1684
2545,1684
3620,1685
2571,1686
1778,1687
2238,1687
2606,1687
2014,1688
3526,1688
1222,1689
1776,1689
1893,1689
3026,1689
3655,1689
424,1692
50,1693
2041,1693
210,1694
51,1695
3587,1695
2521,1696
2787,1696
52,1697
640,1697
1956,1697
3986,1698
2553,1699
221,1700
3130,1700
3728,1700
3628,1701
478,1702
553,1702
2823,1702
383,1703
3283,1703
968,1704
3489,1704
3762,1704
57,1705
1328,1705
1786,1705
3982,1705
45,1706
1387,1706
3299,1706
3603,1706
181,1708
632,1708
1684,1708
1990,1708
2091,1708
2482,1708
2910,1708
3300,1709
3638,1709
515,1711
2663,1712
3181,1713
3590,1713
1528,1714
2228,1714
2623,1714
989,1715
3745,1715
2194,1716
3883,1716
1367,1718
2184,1718
2810,1718
2897,1719
3077,1719
3707,1720
3953,1720
967,1721
2316,1721
1011,1722
3033,1722
671,1723
1880,1723
2777,1723
2817,1723
448,1725
1814,1725
967,1726
2147,1726
965,1727
1113,1727
3482,1727
527,1728
1359,1728
2218,1728
2995,1728
3484,1728
2008,1729
2387,1729
3751,1729
436,1730
2654,1730
2977,1730
3515,1730
298,1731
586,1731
1618,1731
1799,1731
2613,1731
45,1733
2745,1733
2073,1736
2996,1736
1152,1737
1899,1737
2128,1737
2369,1737
3705,1737
238,1739
1740,1741
2402,1743
1587,1744
1353,1745
3429,1745
3718,1745
711,1747
3026,1747
2504,1748
1581,1749
2588,1749
3897,1749
939,1750
501,1751
2173,1752
2720,1752
2367,1753
97,1754
1750,1754
1500,1755
2123,1756
149,1757
2204,1757
363,1758
779,1758
2786,1758
923,1759
2109,1759
989,1760
2378,1760
2417,1760
313,1762
837,1762
3483,1762
3486,1762
1868,1763
563,1766
725,1766
929,1767
3335,1767
3829,1767
1182,1768
490,1770
2045,1770
3693,1773
680,1774
3504,1774
627,1775
3655,1775
1612,1776
2185,1776
3179,1776
3259,1776
3580,1776
142,1777
1274,1777
3369,1777
1925,1778
2926,1778
1298,1779
1981,1779
2988,1779
454,1780
2279,1780
1310,1781
2328,1781
3678,1781
1167,1783
1242,1784
2709,1785
18,1786
1540,1786
3356,1786
537,1787
58,1788
2289,1788
114,1789
1004,1789
105,1790
308,1790
2216,1791
3252,1791
3602,1791
336,1792
544,1792
2074,1792
2020,1793
2521,1793
3422,1793
3796,1793
37,1794
2157,1794
97,1796
684,1797
826,1797
2301,1797
219,1798
1827,1798
2945,1798
1783,1799
2006,1799
1121,1800
2396,1802
2427,1802
914,1803
1653,1803
2118,1803
3036,1803
1696,1804
2989,1804
3948,1804
3945,1805
1230,1806
2155,1806
711,1807
1676,1807
37,1808
139,1808
2708,1808
2808,1808
842,1809
1607,1809
2960,1809
45,1810
48,1811
529,1811
901,1811
1267,1811
2551,1811
3579,1812
313,1813
2691,1813
1377,1814
1169,1815
1704,1815
2809,1816
3588,1816
582,1817
3934,1817
961,1819
2795,1819
116,1820
1685,1820
3874,1820
183,1821
3187,1821
2089,1822
2700,1822
975,1823
1196,1823
3772,1823
1416,1824
3649,1825
1985,1826
1560,1828
2195,1829
2282,1829
334,1831
887,1831
1053,1831
2205,1831
777,1832
3697,1833
436,1834
2591,1834
1638,1835
2035,1835
528,1836
1558,1836
3944,1836
2105,1837
2838,1837
1131,1838
2173,1840
3986,1840
3340,1842
3147,1843
4040,1843
2963,1844
3580,1844
991,1845
3993,1847
1350,1849
1985,1849
2091,1849
3465,1849
3677,1849
16,1850
3614,1851
3316,1852
3544,1853
3348,1854
458,1855
2053,1855
2952,1855
20,1856
3593,1856
1094,1857
1429,1857
2924,1857
2706,1858
223,1859
804,1859
2508,1859
2766,1859
609,1860
1442,1860
825,1861
3892,1861
1053,1862
1911,1862
2473,1863
246,1864
1971,1864
2505,1864
1908,1866
2708,1866
203,1867
2866,1867
3775,1867
1294,1868
1379,1868
3156,1868
1593,1869
1855,1869
3624,1869
306,1870
1904,1870
3116,1870
342,1871
1555,1871
2330,1871
2878,1871
1112,1872
98,1873
778,1873
942,1873
2354,1873
2913,1873
3088,1873
3493,1873
4053,1874
928,1875
1022,1875
2738,1875
2849,1875
615,1876
1197,1877
3588,1877
277,1878
1390,1878
513,1879
3826,1879
3046,1880
3297,1880
3645,1880
78,1881
2459,1881
3836,1881
3073,1882
3400,1883
1786,1884
2862,1884
1592,1885
1187,1886
1112,1887
115,1888
1499,1888
2131,1889
2625,1890
2817,1890
2483,1891
45,1892
2181,1893
2612,1893
2676,1893
2836,1893
3292,1893
1504,1894
2891,1894
3435,1894
248,1895
3734,1895
3900,1895
2425,1896
2631,1896
2272,1897
2534,1897
3406,1897
524,1898
1229,1899
2381,1901
499,1902
2761,1902
1873,1903
2355,1903
3582,1903
3867,1904
961,1905
970,1905
1254,1905
2170,1905
3979,1905
1964,1906
160,1907
707,1908
1238,1909
2275,1909
2740,1909
4080,1910
2053,1911
2455,1911
3442,1911
4090,1911
1337,1912
2068,1912
1541,1913
2099,1913
3398,1913
2537,1914
3315,1914
3450,1914
2246,1915
2670,1916
2992,1916
1460,1917
1750,1917
382,1919
816,1919
2707,1919
562,1920
3128,1920
430,1921
3833,1921
131,1923
165,1923
2697,1923
2923,1923
3842,1923
2921,1925
48,1926
429,1927
2266,1927
3698,1930
865,1932
392,1934
2976,1936
275,1937
1183,1937
2390,1937
2285,1939
3320,1940
475,1941
2272,1941
188,1942
2591,1942
333,1943
1799,1943
3931,1943
2857,1944
3888,1944
1809,1945
3793,1945
79,1946
809,1946
2158,1947
3880,1947
399,1949
1542,1949
2002,1949
1174,1950
3455,1950
442,1951
1053,1951
3014,1952
1051,1954
167,1956
1075,1956
1266,1956
1747,1956
2000,1956
3305,1958
2963,1960
1883,1962
2684,1962
4024,1962
1942,1964
1422,1965
1510,1965
2459,1965
1432,1966
1044,1967
2763,1967
2605,1968
3230,1968
443,1969
1292,1969
651,1970
3286,1970
1635,1971
4012,1971
1095,1972
2060,1972
2074,1972
2242,1972
965,1973
1507,1974
3674,1974
2399,1975
2453,1975
653,1976
4042,1976
1328,1977
205,1978
325,1978
1232,1978
3108,1978
3788,1978
1273,1980
2061,1980
2249,1980
3215,1980
3860,1980
4040,1980
577,1982
1535,1982
2612,1982
7,1983
3984,1984
2115,1985
2486,1985
2999,1985
575,1986
2529,1987
1621,1988
1817,1991
3631,1992
472,1993
1732,1994
2460,1994
2514,1994
2605,1994
2800,1994
1353,1995
3631,1995
2818,1996
188,1997
1119,1997
1423,1997
3962,1997
2655,1998
1207,1999
3679,1999
443,2000
527,2000
2325,2000
4053,2000
73,2002
2315,2002
10,2004
14,2004
1214,2004
427,2005
3049,2005
3443,2005
3602,2006
36,2007
1365,2007
2268,2007
1574,2008
3281,2008
1558,2009
3079,2009
3740,2009
14,2010
1068,2010
2605,2010
1672,2011
4008,2011
2251,2012
2139,2013
794,2014
2422,2014
758,2015
1794,2015
2475,2015
2890,2015
3432,2016
379,2017
374,2018
1747,2018
2982,2018
82,2020
3099,2020
3103,2020
3166,2020
508,2022
12,2023
276,2023
3180,2023
4069,2024
1882,2025
1953,2025
3903,2027
167,2028
1416,2028
3298,2028
1142,2030
1422,2030
2854,2030
576,2031
774,2031
1738,2031
1874,2031
3082,2031
2631,2032
2990,2032
2141,2033
2153,2033
2268,2033
145,2034
2533,2034
369,2035
1365,2035
2932,2035
3084,2036
3289,2036
278,2037
382,2037
2753,2038
877,2039
2058,2039
3181,2039
3607,2039
337,2040
380,2040
2033,2040
3465,2040
3591,2040
178,2041
3580,2041
2441,2042
3563,2042
3848,2042
3905,2043
608,2044
3706,2044
1074,2045
3905,2045
2995,2046
1353,2047
1535,2047
1759,2047
2828,2047
3614,2047
4075,2047
869,2049
1370,2050
1927,2050
2918,2050
323,2052
1096,2055
1402,2055
2250,2055
37,2056
1543,2056
2564,2056
1226,2057
2157,2057
3531,2057
3907,2057
1988,2058
1376,2059
1581,2059
3121,2060
2590,2061
1427,2063
1436,2063
3244,2063
2166,2064
3072,2064
242,2065
2994,2065
3005,2065
1265,2066
3064,2066
916,2067
374,2068
2340,2068
3963,2068
1215,2069
3802,2069
3829,2069
463,2070
1806,2070
1663,2071
316,2072
942,2072
1197,2073
2850,2073
2159,2074
1688,2075
3310,2076
147,2077
1222,2077
1613,2077
1893,2077
3060,2077
573,2078
1646,2078
4002,2078
3547,2079
3964,2079
1677,2081
1759,2081
2182,2081
1195,2082
1837,2082
1942,2082
3584,2082
641,2083
2114,2083
3926,2083
3940,2083
254,2084
1148,2084
2758,2084
266,2086
2344,2086
1590,2088
102,2089
1022,2089
1318,2089
1933,2089
2015,2089
2471,2089
334,2090
2580,2090
3517,2090
3001,2091
913,2092
3052,2092
2812,2093
3458,2093
9,2094
324,2094
1514,2094
2098,2094
3233,2094
3955,2095
2702,2096
391,2097
515,2097
2095,2097
2137,2097
28,2098
1106,2098
1100,2100
2059,2100
3808,2100
1327,2101
1844,2102
2125,2102
74,2103
408,2103
662,2103
1647,2103
2960,2103
890,2104
3674,2104
2969,2105
4046,2106
378,2107
999,2107
2245,2107
1463,2108
2277,2108
12,2109
771,2109
997,2109
3495,2109
946,2110
2391,2110
2348,2111
2499,2111
2848,2111
585,2112
3586,2112
2869,2113
3174,2113
4088,2113
461,2114
742,2114
817,2114
1925,2115
2906,2115
461,2116
2047,2116
3020,2116
2102,2117
3568,2117
4087,2117
378,2119
689,2120
2727,2121
3173,2121
3978,2121
616,2122
2221,2122
2826,2123
3517,2123
3630,2123
799,2124
1052,2125
2531,2125
3531,2125
554,2127
1036,2128
1394,2128
2714,2128
2811,2128
2846,2128
1558,2129
1756,2129
2160,2129
2883,2129
3498,2131
430,2132
3511,2132
2364,2134
2714,2135
2722,2135
1613,2136
2476,2136
2811,2137
2445,2138
2994,2138
3008,2138
3452,2138
3574,2138
1604,2139
1343,2140
2203,2140
918,2141
1631,2142
1665,2142
2083,2143
3594,2143
3914,2143
2036,2145
3007,2145
2950,2146
3743,2146
1731,2147
3281,2147
2000,2148
3888,2150
1167,2151
1819,2151
2270,2151
2543,2151
105,2152
898,2152
2474,2152
2850,2152
3843,2152
1819,2153
2443,2153
3810,2153
105,2154
1818,2155
2480,2155
542,2156
2154,2156
392,2157
3128,2157
3175,2157
531,2159
606,2159
1052,2160
1340,2161
1555,2161
1817,2161
1811,2162
2245,2162
3633,2162
3992,2164
1197,2165
2076,2165
1384,2166
2153,2167
2828,2167
2894,2167
3460,2167
2553,2168
2869,2168
3846,2169
3960,2169
1423,2171
1009,2172
4005,2172
401,2173
3650,2173
1599,2174
2889,2174
1536,2175
1677,2176
3847,2176
1902,2179
2114,2179
1297,2180
522,2181
1077,2182
3564,2182
311,2183
432,2184
2449,2184
2821,2185
2991,2186
1758,2187
3960,2187
1231,2188
92,2189
3926,2189
3235,2190
3790,2191
1257,2192
2085,2193
2699,2194
2170,2197
3125,2198
3654,2198
1420,2199
1495,2199
1873,2199
1953,2199
2421,2199
3568,2200
3821,2200
3190,2201
872,2202
1874,2202
2849,2202
3605,2202
140,2205
264,2205
667,2205
2058,2205
3770,2205
546,2206
2190,2206
2606,2206
1373,2207
2499,2207
2448,2208
1648,2209
408,2210
2350,2210
3300,2210
1389,2212
2403,2212
4009,2212
3853,2214
2263,2217
26,2219
3449,2219
2093,2220
1699,2222
3531,2222
3997,2222
1943,2223
1536,2224
2674,2225
3657,2225
167,2226
888,2226
2551,2226
4022,2226
1050,2227
1579,2228
3663,2228
20,2229
94,2229
1657,2229
1306,2230
2805,2231
1318,2232
2672,2232
3175,2232
3748,2232
2369,2233
2269,2234
1725,2235
2143,2236
3020,2236
2257,2237
2244,2238
3998,2238
442,2239
1726,2239
3994,2239
2583,2240
649,2241
2102,2241
2616,2241
2825,2241
12,2242
1098,2242
4062,2244
1409,2245
2839,2245
3593,2245
3778,2245
545,2246
694,2247
4053,2247
1514,2248
2316,2248
2449,2248
3867,2248
4091,2248
1255,2250
3386,2250
3702,2250
867,2251
1294,2251
2170,2251
807,2252
1006,2252
2712,2252
3022,2252
405,2253
679,2253
3255,2253
14,2254
865,2254
1397,2254
2768,2255
3167,2255
423,2256
462,2256
1945,2256
2405,2256
2530,2256
2565,2256
3190,2256
3755,2257
4031,2259
1734,2260
2487,2261
3824,2261
866,2262
1008,2262
4071,2262
749,2263
2481,2263
3002,2263
63,2265
1336,2267
3055,2267
3639,2267
3657,2268
526,2269
1402,2269
2650,2269
662,2270
1025,2270
1370,2270
2190,2270
2825,2270
1256,2271
1429,2272
549,2273
1246,2273
3109,2273
763,2275
718,2276
2604,2276
3911,2276
2119,2277
2788,2277
158,2278
1718,2278
2351,2278
2991,2279
1376,2280
1665,2280
1529,2284
3866,2284
2120,2285
3649,2285
3982,2285
1231,2286
1684,2286
1982,2286
246,2287
1354,2287
3036,2287
3536,2287
901,2288
1350,2289
1692,2289
1629,2290
2155,2290
2649,2290
1072,2291
1895,2291
3615,2291
1432,2292
1744,2292
1830,2292
1904,2292
3299,2292
499,2293
3965,2293
1736,2295
1998,2295
2104,2296
2473,2296
3895,2296
269,2297
1781,2297
1831,2297
2953,2297
1809,2298
1868,2298
3134,2298
3420,2298
2924,2299
453,2300
3016,2300
4020,2300
78,2301
350,2301
1107,2301
379,2302
1663,2302
4033,2302
2409,2304
3512,2304
3454,2305
326,2306
2618,2306
1577,2307
4069,2307
1225,2308
2172,2308
2813,2308
3897,2308
353,2309
1950,2310
123,2311
1823,2312
2057,2312
2351,2312
1047,2313
1448,2313
728,2314
856,2314
1079,2314
2208,2314
3161,2314
3822,2314
4089,2314
2045,2315
250,2316
770,2316
2180,2316
1109,2317
2320,2319
494,2320
1455,2320
2418,2320
2501,2320
3725,2321
113,2323
1623,2323
1840,2323
3773,2323
728,2324
1037,2324
3694,2324
284,2325
2334,2325
1416,2326
1231,2327
2522,2327
230,2328
492,2328
1621,2328
3923,2328
1106,2330
2317,2330
2087,2332
3955,2332
506,2334
2028,2334
4012,2334
321,2335
433,2335
2566,2336
3651,2336
1696,2337
685,2339
1309,2339
3905,2340
851,2341
2090,2341
3672,2342
3164,2344
1143,2346
2665,2346
449,2347
2012,2347
2188,2347
1170,2348
1742,2348
2735,2348
3349,2348
3847,2348
1133,2349
991,2350
1401,2350
3559,2350
3825,2350
1806,2352
2107,2352
324,2353
3223,2353
1672,2354
3038,2354
577,2355
1110,2355
2630,2355
1294,2356
1423,2357
3952,2357
4038,2357
2270,2358
1244,2359
1477,2359
1607,2359
2571,2359
2135,2360
1306,2361
1765,2361
3973,2361
32,2362
3033,2364
3480,2364
3590,2364
731,2366
548,2367
2400,2367
3119,2367
568,2368
1705,2368
2230,2369
3482,2369
2505,2370
1816,2371
1828,2371
3694,2371
3829,2371
477,2372
2579,2372
3637,2372
3490,2373
844,2374
2077,2374
2753,2374
520,2375
592,2375
3794,2375
4006,2375
1338,2376
1436,2376
1490,2376
3071,2376
1665,2377
2941,2377
3516,2377
2195,2378
386,2380
678,2381
877,2381
2371,2381
2627,2381
3990,2381
3965,2382
732,2383
787,2383
2161,2383
1096,2385
1215,2386
2328,2386
2362,2388
3275,2388
601,2389
788,2389
3577,2389
852,2390
4087,2390
2685,2391
15,2392
1083,2392
2425,2392
1109,2393
1975,2393
1017,2395
2517,2395
3743,2395
1972,2396
4036,2396
256,2397
2416,2399
3694,2399
314,2400
2240,2400
1193,2402
1418,2402
1521,2402
423,2403
1347,2403
2538,2403
1126,2404
2139,2404
2879,2404
1073,2405
1562,2405
2049,2406
2425,2406
2772,2406
3565,2406
3608,2406
3745,2406
676,2407
317,2408
3183,2408
1057,2409
1207,2409
1220,2409
1724,2409
2120,2409
3081,2409
3624,2409
1686,2410
2001,2410
729,2411
2347,2411
2421,2411
369,2412
503,2412
1459,2412
1656,2412
2360,2413
1614,2414
2834,2414
3394,2415
4013,2415
420,2416
4082,2417
429,2419
2176,2419
2413,2419
2458,2419
2638,2419
1786,2420
2416,2420
2642,2421
3708,2421
442,2422
3035,2422
3595,2422
3720,2422
2656,2423
2947,2423
2770,2424
1414,2426
2197,2426
2942,2426
516,2427
2225,2428
3578,2428
3149,2429
3611,2432
3609,2433
1077,2434
294,2435
2389,2435
845,2436
1371,2436
2562,2436
3017,2437
3902,2437
1216,2438
2713,2438
2168,2439
2812,2439
1545,2440
3238,2440
2621,2442
2669,2442
3337,2443
1224,2444
1820,2444
1910,2444
1033,2445
160,2446
299,2446
771,2446
975,2446
1874,2446
2641,2446
2812,2446
3111,2446
3347,2446
1101,2447
1251,2448
3964,2448
1184,2449
87,2450
3510,2450
314,2451
2400,2451
186,2452
3982,2453
818,2454
2476,2454
2455,2455
2479,2455
487,2456
1057,2456
4031,2456
1391,2457
2279,2457
637,2458
1377,2458
1775,2458
2090,2458
3507,2458
3643,2458
2187,2459
2267,2460
3277,2460
3850,2460
47,2461
447,2461
1687,2461
2440,2463
2808,2463
1126,2464
3177,2464
3658,2464
4018,2464
2336,2466
4071,2467
1167,2468
1057,2469
444,2470
1725,2470
2045,2470
3240,2470
887,2471
3242,2471
369,2473
577,2473
896,2473
2312,2474
2830,2474
2603,2475
3863,2475
38,2476
634,2476
1144,2476
1374,2476
909,2477
2373,2477
3245,2477
3414,2477
126,2478
1269,2478
2340,2478
2622,2480
2655,2480
1971,2482
3439,2483
33,2484
56,2485
930,2486
1254,2486
1746,2487
1465,2489
4000,2489
1080,2490
1554,2490
1107,2491
1290,2491
3905,2491
808,2492
1885,2492
2769,2492
1103,2494
1731,2495
1263,2496
1820,2496
2019,2496
2147,2496
3923,2496
1322,2497
2279,2498
2535,2498
2711,2498
3272,2498
249,2499
1167,2500
2272,2500
3308,2500
1747,2501
1808,2501
2284,2501
2606,2501
4025,2501
3585,2502
22,2503
1344,2503
2307,2503
2723,2503
2623,2504
621,2505
3041,2505
20,2506
1993,2506
3654,2506
4076,2506
14,2507
263,2507
820,2507
1453,2507
1595,2507
656,2508
935,2508
445,2510
1182,2510
3088,2510
612,2511
2997,2511
16,2512
2534,2512
245,2513
15,2514
1199,2514
3398,2514
3935,2515
3402,2516
3998,2516
2134,2517
3368,2517
3425,2517
3521,2517
1219,2519
1307,2519
3118,2519
389,2520
1210,2520
237,2521
3081,2521
2954,2522
1965,2523
1981,2523
2318,2523
2380,2523
863,2524
2238,2524
3810,2524
340,2525
2086,2525
2107,2525
2633,2525
1927,2526
1944,2526
1949,2526
2451,2526
2825,2526
3080,2526
423,2527
1243,2527
1463,2527
1929,2527
3219,2527
507,2529
1531,2529
2262,2529
3102,2529
3123,2529
1914,2530
2106,2530
3813,2530
2879,2531
2244,2532
3361,2532
3570,2532
332,2533
3299,2533
2459,2534
3035,2534
498,2535
1628,2535
1884,2535
2154,2535
2178,2535
3214,2535
52,2536
2689,2536
3881,2536
1444,2538
1872,2538
3388,2538
611,2539
1827,2539
3876,2539
3536,2540
1230,2541
935,2542
3156,2542
3832,2542
1344,2543
2294,2543
3762,2543
1087,2544
20,2545
834,2546
1398,2546
3057,2546
315,2547
1145,2547
1636,2547
2236,2547
2494,2548
1705,2549
3620,2549
2395,2550
358,2551
1728,2551
2691,2551
2592,2552
3624,2552
1083,2553
1479,2553
1941,2553
2652,2553
1211,2554
3101,2554
4071,2554
2538,2555
635,2560
705,2560
1014,2560
1592,2560
2938,2560
785,2561
1741,2562
491,2563
1640,2563
3290,2565
1533,2566
1648,2566
2811,2566
2015,2567
1189,2568
1450,2569
18,2570
102,2570
643,2570
1915,2570
3191,2572
3620,2572
3849,2572
2725,2573
1563,2574
2826,2574
3203,2574
252,2575
1301,2575
1972,2576
2898,2576
2536,2577
3790,2577
1043,2579
2235,2580
3416,2580
377,2581
1350,2581
3158,2581
2052,2584
383,2585
1545,2585
1655,2585
2838,2585
1020,2586
2281,2586
3951,2586
2036,2587
2864,2587
808,2588
1338,2589
1643,2589
1723,2589
2246,2589
3295,2589
2452,2590
3008,2590
1366,2591
1929,2591
3318,2591
406,2592
1193,2592
2844,2592
1158,2593
1892,2593
2606,2594
842,2595
986,2595
2094,2595
2237,2595
3672,2595
1529,2596
2211,2596
543,2597
1030,2597
1841,2597
2442,2597
2998,2597
965,2598
1850,2598
3046,2598
3693,2598
3814,2598
1201,2599
2482,2599
2777,2599
3127,2599
3746,2599
52,2600
588,2600
440,2601
1683,2601
3313,2602
3722,2602
1332,2603
1417,2603
2358,2603
3884,2603
264,2604
408,2604
2678,2604
4015,2604
299,2605
2175,2605
2328,2606
150,2607
1431,2607
1560,2607
1203,2608
512,2610
1222,2610
4018,2610
223,2611
934,2612
2745,2612
2812,2612
346,2613
1103,2613
2377,2613
438,2614
1046,2614
1275,2615
2055,2615
612,2616
2266,2616
1825,2617
2282,2617
4019,2617
3887,2618
3973,2618
1841,2619
2283,2619
2815,2621
3370,2622
3203,2623
3557,2623
3941,2623
1488,2624
1730,2624
2648,2624
3230,2624
3337,2624
3524,2624
528,2626
1911,2626
3314,2626
3542,2626
1352,2627
1784,2627
2976,2627
3197,2627
633,2628
740,2629
1080,2629
1298,2629
2216,2629
1327,2630
3335,2630
3638,2630
52,2631
350,2631
2247,2631
2430,2632
525,2633
2948,2633
3256,2633
3258,2633
3061,2634
799,2635
1548,2635
2404,2635
3414,2635
1123,2636
3516,2637
1211,2638
1973,2638
2243,2638
1030,2639
1715,2640
2593,2640
2861,2640
3665,2641
226,2643
221,2644
284,2644
1422,2644
1657,2644
2498,2644
1119,2645
1510,2646
2214,2647
1161,2648
1308,2648
1444,2648
399,2649
686,2649
2354,2649
3904,2649
403,2650
990,2650
605,2651
921,2651
1121,2651
949,2652
2001,2652
3458,2652
1679,2654
2100,2654
3523,2654
211,2655
2790,2655
3831,2655
80,2656
2603,2656
3501,2656
580,2657
728,2657
2578,2657
1881,2658
2365,2658
1188,2659
1654,2659
1295,2660
3495,2660
3774,2660
424,2661
2788,2661
675,2662
2938,2662
2377,2663
3554,2664
1145,2665
1939,2666
17,2667
736,2667
1565,2667
2575,2667
3157,2667
3580,2667
1338,2668
3305,2668
1689,2669
2351,2669
2848,2670
1149,2671
3100,2671
2464,2672
3179,2673
3243,2673
2252,2674
23,2675
242,2675
683,2675
1728,2675
2456,2675
2774,2675
854,2676
3637,2676
302,2677
3940,2677
3952,2678
875,2679
1352,2680
2487,2680
938,2682
2940,2682
3357,2682
75,2683
3644,2683
1571,2684
2416,2684
1516,2686
1805,2686
291,2687
263,2688
777,2688
1202,2688
509,2689
739,2689
2961,2690
91,2691
1344,2691
1975,2691
2345,2691
3493,2691
3722,2691
3178,2693
2194,2694
88,2695
633,2695
904,2695
2033,2695
1090,2696
1461,2696
2854,2696
7,2697
2432,2697
1550,2698
3097,2698
3610,2698
538,2699
499,2700
714,2700
775,2700
883,2700
1982,2700
496,2701
1890,2701
4071,2701
190,2702
2149,2702
327,2703
2850,2703
2206,2704
1657,2705
1872,2705
1202,2707
2538,2707
663,2708
3236,2708
210,2710
2192,2710
724,2711
1018,2711
1291,2711
2930,2711
2970,2712
3649,2712
3891,2713
721,2714
1142,2714
3333,2714
1959,2715
1044,2716
2155,2716
3537,2716
1522,2717
3121,2717
2744,2718
3769,2718
1125,2719
52,2721
1951,2722
815,2723
3212,2723
316,2724
392,2724
1444,2724
3953,2724
2177,2725
2705,2725
3441,2725
3548,2726
3519,2727
111,2728
1339,2728
533,2729
598,2729
1846,2729
2230,2729
3038,2729
3067,2729
3401,2730
1746,2731
1947,2731
3588,2731
2649,2732
887,2733
954,2733
1656,2733
1944,2733
2931,2733
451,2734
1715,2734
1442,2735
3119,2735
3192,2735
3197,2735
4025,2735
71,2736
1854,2736
3047,2736
317,2737
1005,2737
1484,2737
2794,2737
1879,2738
2707,2738
3110,2738
3208,2738
3255,2738
1844,2739
2127,2739
3318,2739
3805,2739
2671,2740
2788,2740
391,2741
1580,2741
422,2742
1374,2742
434,2744
1877,2744
2807,2744
424,2745
619,2745
1568,2746
3218,2746
3706,2746
1204,2747
3513,2747
3679,2747
684,2748
1836,2748
2542,2748
3169,2748
3728,2748
2521,2749
2346,2750
2535,2750
3340,2750
2217,2751
2988,2751
518,2752
88,2753
870,2753
217,2755
768,2755
1335,2755
2525,2755
2890,2755
3851,2755
1420,2756
2750,2756
3250,2756
3485,2756
4091,2756
1819,2757
2652,2757
3323,2757
1659,2758
2024,2758
4079,2758
2236,2759
915,2760
3349,2760
3610,2760
66,2761
374,2761
4001,2761
1932,2762
2020,2762
2505,2762
3032,2762
3237,2762
696,2763
1217,2764
3392,2764
2309,2765
2175,2766
1081,2767
3509,2767
1041,2768
2413,2768
3375,2768
1425,2769
1923,2769
2754,2769
1120,2770
2799,2770
67,2771
293,2771
1282,2771
330,2773
2142,2773
1801,2774
1874,2774
2392,2774
1756,2775
3473,2776
2623,2777
2642,2777
1560,2778
3702,2778
469,2779
4079,2780
1459,2781
1498,2781
3803,2782
953,2783
1573,2783
2003,2783
943,2784
1699,2784
2572,2784
3386,2784
3413,2786
230,2787
439,2788
3577,2788
3003,2789
814,2791
923,2793
3206,2793
3409,2793
2386,2794
3138,2794
1386,2796
3126,2796
243,2797
2766,2797
620,2798
2136,2798
3549,2798
653,2799
3256,2799
3665,2799
3970,2800
690,2802
2643,2802
3527,2802
1013,2803
2029,2803
4019,2803
1298,2804
1542,2804
2845,2804
132,2806
3877,2807
3086,2808
3130,2808
1505,2809
3546,2809
715,2810
728,2810
1949,2810
3640,2810
2315,2811
239,2812
2801,2812
1329,2813
3546,2814
3824,2814
1432,2815
1471,2815
2318,2815
509,2816
961,2816
1392,2817
1697,2817
2649,2817
3562,2817
2294,2818
2454,2818
1960,2819
2058,2819
2513,2819
2957,2819
1741,2820
821,2821
722,2822
937,2822
2679,2822
3819,2822
2181,2823
3314,2823
3567,2823
249,2824
1966,2824
1762,2825
2095,2825
1979,2826
264,2827
1304,2827
2725,2827
1158,2828
1359,2828
2297,2828
3835,2828
3003,2829
3772,2829
583,2830
12,2831
319,2831
346,2831
3003,2831
385,2832
1532,2833
2014,2833
3851,2833
887,2834
1543,2834
3492,2834
1178,2835
2638,2835
2090,2836
3518,2837
1356,2838
1571,2838
2250,2838
3976,2839
1915,2841
2960,2841
1939,2842
3318,2842
256,2844
743,2844
3217,2844
1514,2845
4003,2845
3063,2846
3425,2846
175,2847
3663,2847
3975,2847
1231,2848
2558,2848
936,2849
1246,2850
3150,2850
3172,2850
3292,2850
3470,2850
3707,2850
837,2851
1566,2851
1774,2851
3381,2851
3643,2851
3532,2852
788,2853
1319,2853
1840,2853
3457,2853
1206,2856
1432,2856
1743,2856
1858,2856
3028,2856
3773,2856
812,2857
1679,2857
1915,2857
3200,2857
3593,2857
967,2859
2566,2859
1255,2861
2060,2861
3242,2861
697,2862
1883,2862
3635,2862
795,2863
3236,2864
1249,2865
1437,2865
3580,2865
303,2866
3826,2866
3143,2867
163,2868
2987,2868
1343,2869
801,2870
927,2870
3928,2870
2412,2871
3348,2871
2503,2873
2942,2873
3112,2873
3514,2873
4062,2874
48,2875
595,2875
2122,2875
3547,2876
2183,2878
2455,2878
2825,2878
307,2879
3341,2879
3800,2879
2082,2880
2578,2880
3751,2880
678,2881
1855,2881
3006,2883
856,2884
964,2885
2127,2885
2066,2886
2900,2886
3397,2887
1863,2888
1913,2888
281,2889
418,2889
1785,2889
414,2890
3046,2890
3554,2890
1264,2891
1516,2891
3149,2891
1971,2892
1655,2893
3019,2893
2712,2894
3111,2894
900,2895
3885,2895
387,2896
3317,2896
4071,2896
836,2897
2587,2898
4071,2898
2776,2900
226,2901
3314,2901
1699,2902
576,2903
2857,2903
3016,2903
1313,2904
2996,2905
426,2906
1170,2906
219,2907
1175,2907
2903,2907
3888,2907
1953,2908
69,2909
1174,2909
2736,2909
2934,2909
3619,2909
1730,2910
1997,2910
2377,2910
2503,2910
3506,2910
3715,2910
3753,2910
1097,2911
2374,2911
4026,2911
2177,2912
3312,2912
234,2913
2064,2914
2703,2914
1062,2915
2262,2915
3591,2915
3795,2915
3512,2916
333,2917
2034,2917
207,2918
1411,2919
2486,2919
600,2920
606,2920
3152,2920
302,2921
3015,2921
4051,2921
1565,2922
1629,2922
2182,2922
302,2923
3013,2923
3702,2923
1194,2924
3933,2924
1711,2925
869,2926
1570,2926
2551,2926
2754,2926
170,2927
1520,2927
2920,2929
2799,2931
1937,2932
2864,2934
1284,2935
1942,2935
1863,2936
3729,2936
2346,2937
1281,2940
3970,2940
1445,2942
3084,2942
2308,2943
3207,2943
228,2945
255,2946
3932,2946
3514,2947
2286,2948
1516,2949
2878,2949
1099,2950
319,2951
1063,2951
2829,2951
3971,2951
2004,2953
1406,2954
3864,2956
709,2957
4039,2957
1612,2959
2122,2959
2148,2960
3393,2961
1780,2962
2709,2962
2852,2963
3006,2963
628,2964
3969,2964
1020,2965
1600,2965
1506,2966
763,2967
1463,2967
2708,2967
1599,2968
1770,2968
2375,2971
20,2972
1401,2972
2826,2972
3480,2972
900,2973
668,2974
847,2974
747,2975
1150,2975
1894,2975
1608,2976
2952,2976
3250,2976
3957,2976
139,2977
345,2977
970,2978
1965,2978
640,2979
2927,2979
2308,2980
2955,2980
3117,2980
3515,2980
150,2981
3057,2981
4020,2981
665,2982
2202,2982
1841,2983
2581,2983
1377,2984
3133,2984
1777,2985
3630,2985
3973,2985
4021,2985
2506,2986
3843,2987
1026,2988
2093,2990
2225,2990
3147,2990
3510,2990
1005,2991
1211,2992
1981,2992
309,2993
1412,2993
1421,2993
3090,2993
3989,2993
1758,2994
2320,2994
715,2995
1749,2995
2166,2995
4,2996
3653,2996
253,2997
358,2997
1043,2998
1180,2998
2811,2998
3858,2998
716,2999
432,3000
777,3000
2240,3000
2523,3000
2436,3001
972,3003
2954,3003
345,3004
920,3004
1872,3004
801,3005
1087,3006
3085,3006
2201,3007
1939,3008
3136,3008
3607,3008
44,3009
432,3009
1084,3009
3097,3009
1015,3010
1868,3010
3138,3010
147,3011
2311,3011
2350,3011
3343,3011
2878,3012
332,3013
3174,3013
1515,3014
1570,3014
547,3015
3946,3015
228,3016
2439,3016
2024,3017
2629,3017
696,3018
2437,3018
437,3019
3005,3019
3733,3019
1831,3020
3333,3020
2467,3021
3634,3021
3971,3021
1625,3022
283,3023
1397,3024
1463,3024
2149,3024
2770,3024
4071,3024
300,3025
693,3025
2586,3025
326,3026
1014,3027
1740,3027
2270,3027
505,3028
872,3029
3597,3029
2962,3030
604,3031
373,3032
2771,3032
893,3034
255,3035
750,3035
3911,3035
432,3036
1050,3036
2443,3036
2561,3036
2959,3036
735,3037
907,3037
966,3037
1266,3037
1910,3037
2491,3037
2501,3037
3088,3037
766,3038
1001,3038
1645,3038
2004,3038
2079,3038
2124,3038
2615,3038
35,3039
3109,3039
233,3040
300,3041
2028,3041
1061,3042
2017,3042
781,3043
175,3044
1447,3044
2605,3044
353,3045
449,3045
407,3046
2506,3046
3408,3046
1152,3047
1326,3047
2058,3047
2948,3048
3952,3049
131,3050
468,3050
858,3050
3721,3050
2309,3051
3939,3051
12,3053
2139,3053
3035,3053
897,3054
167,3055
2010,3055
2614,3055
1046,3056
3089,3056
1744,3057
31,3059
2067,3060
869,3061
1908,3061
72,3062
1012,3062
3666,3062
1507,3063
1763,3063
2639,3065
978,3066
3782,3067
2205,3069
3351,3069
604,3070
3022,3070
460,3071
2055,3071
961,3073
1966,3073
1970,3073
354,3074
2085,3074
4083,3074
3816,3075
1814,3076
2996,3076
509,3077
566,3077
1931,3077
2877,3077
710,3078
1240,3078
2254,3078
3372,3078
2137,3079
3745,3079
4036,3079
364,3080
729,3080
1128,3080
2754,3083
85,3084
1943,3084
2480,3084
3959,3084
3610,3086
581,3087
640,3087
2099,3087
2736,3087
3051,3087
4091,3087
319,3088
4,3089
2375,3089
2840,3089
3817,3090
38,3091
676,3091
9,3092
188,3092
3242,3092
3767,3092
152,3093
399,3093
3380,3093
3510,3093
386,3094
1130,3094
3885,3094
683,3095
2638,3095
2125,3096
3181,3096
876,3098
2234,3098
3271,3098
3291,3098
2592,3100
2870,3100
196,3101
2521,3101
3081,3101
3807,3101
4018,3101
4091,3101
3882,3103
236,3104
2664,3104
95,3105
3140,3105
98,3106
320,3106
702,3107
3087,3107
2674,3109
2956,3109
3337,3110
3980,3110
4074,3110
755,3111
819,3111
1282,3111
1089,3112
623,3113
834,3113
3452,3113
120,3114
574,3115
776,3115
2035,3115
2909,3115
2990,3115
1902,3116
2133,3116
2794,3116
3427,3116
3832,3116
23,3117
1140,3117
1846,3118
1617,3119
1644,3119
2386,3119
3172,3119
3824,3119
1393,3120
3420,3120
1437,3121
3640,3121
2666,3122
3171,3123
3958,3123
1444,3124
3006,3124
436,3125
974,3125
1914,3125
1924,3125
3295,3125
713,3126
3556,3126
3917,3126
2331,3128
3722,3128
1100,3129
1909,3129
2446,3129
3856,3130
4073,3130
33,3132
2777,3132
3528,3132
1854,3133
3420,3133
3439,3133
3681,3133
3833,3133
2352,3134
3653,3134
3882,3134
1910,3135
1997,3136
2378,3136
2440,3136
3355,3137
645,3139
1194,3139
313,3140
2573,3140
100,3141
897,3141
2922,3141
354,3143
364,3143
501,3143
1097,3143
289,3144
794,3144
3379,3144
3575,3144
1240,3145
2818,3145
1805,3149
2920,3149
3685,3149
1579,3150
2088,3150
3320,3150
3952,3150
730,3151
11,3153
985,3153
1204,3153
3237,3153
2431,3154
2952,3156
3109,3156
3211,3156
3978,3156
89,3157
2197,3157
2833,3157
3031,3157
3281,3158
2682,3159
1468,3160
2602,3160
314,3161
984,3161
1797,3161
2103,3161
779,3162
1637,3162
2232,3162
3124,3162
825,3165
1532,3165
2060,3165
3036,3165
3138,3166
508,3167
587,3167
2081,3167
2549,3168
2636,3169
676,3170
1087,3170
1774,3173
4003,3173
322,3174
382,3174
2511,3174
3171,3174
590,3175
3362,3175
3489,3175
818,3176
1165,3176
2444,3176
3103,3176
647,3177
2368,3177
3202,3177
3762,3177
3991,3177
1546,3178
1730,3179
2243,3180
1480,3181
108,3182
1418,3183
2657,3185
654,3186
3195,3187
3712,3187
2161,3188
2925,3188
3804,3188
1705,3189
10,3190
3263,3190
1083,3191
1361,3191
1933,3191
3787,3191
4083,3191
97,3192
1080,3192
1199,3192
2015,3192
224,3195
2091,3195
2713,3195
2942,3195
3908,3195
3903,3196
2578,3197
364,3198
2215,3198
2680,3198
1810,3199
3045,3199
2412,3200
833,3201
1572,3201
1619,3201
2818,3201
3069,3201
243,3202
353,3202
1930,3202
2362,3202
3664,3202
3020,3203
3322,3203
3766,3204
794,3206
2805,3206
404,3207
1722,3207
2342,3207
474,3208
2476,3208
504,3209
1153,3209
1432,3209
2433,3209
35,3210
40,3210
2157,3210
3072,3210
3621,3210
1654,3211
2188,3211
3453,3211
645,3212
2846,3212
3288,3212
3870,3212
3892,3212
3881,3213
138,3214
3767,3215
292,3216
549,3216
658,3218
1204,3218
2153,3218
2781,3218
2460,3219
3221,3219
3490,3220
3492,3220
3668,3220
607,3222
2055,3222
68,3223
2599,3223
532,3224
3056,3224
310,3225
1508,3225
2628,3225
1557,3226
2390,3226
567,3227
2644,3227
2820,3227
3995,3227
798,3228
1270,3228
1747,3228
2681,3228
159,3229
228,3230
612,3230
1417,3230
3243,3230
950,3232
1389,3232
1780,3232
1383,3233
369,3235
1518,3235
2503,3236
893,3237
1432,3238
2803,3238
3947,3238
282,3239
2323,3239
3662,3239
3868,3239
3192,3240
3469,3240
27,3241
169,3241
528,3241
1079,3241
1510,3241
3755,3241
3865,3241
1250,3245
2546,3245
3273,3245
2034,3246
4068,3246
892,3247
1766,3248
946,3249
1720,3250
3360,3250
1487,3251
3108,3251
467,3252
959,3252
1310,3252
2975,3252
2992,3252
2751,3254
3200,3256
3816,3256
246,3258
1020,3258
1684,3258
2396,3258
53,3259
1168,3259
1322,3259
1434,3260
1969,3260
3665,3260
42,3261
1873,3261
2893,3261
3781,3261
301,3262
861,3262
1622,3262
2085,3262
2114,3262
3005,3262
3348,3262
379,3263
2044,3264
3089,3264
1168,3265
3157,3265
3955,3265
1729,3266
2595,3266
219,3267
3581,3267
3609,3268
3973,3269
314,3270
692,3270
4073,3270
213,3271
1005,3271
3735,3271
983,3272
2348,3272
1122,3273
3178,3273
3925,3273
984,3274
1073,3274
1440,3274
3497,3274
3508,3274
3915,3274
1086,3276
2008,3276
2839,3276
3721,3276
290,3277
998,3277
1338,3277
2532,3277
3191,3277
56,3278
1250,3278
614,3279
1171,3279
1805,3279
194,3280
1911,3280
351,3282
1440,3282
3502,3282
3785,3282
68,3283
1150,3283
1987,3283
824,3284
1918,3284
3052,3284
4036,3284
1238,3285
1441,3285
2698,3286
2820,3286
3943,3286
1169,3287
1382,3287
1979,3287
2835,3287
3098,3287
219,3288
832,3288
2297,3288
3046,3288
776,3289
1512,3289
588,3290
2255,3290
3887,3290
286,3291
2824,3291
1689,3292
1440,3293
1836,3293
2817,3293
3705,3293
3785,3293
881,3294
1739,3294
1903,3294
2682,3294
1186,3295
2876,3296
1293,3297
2121,3297
3337,3297
2150,3298
2511,3298
2976,3298
3013,3298
3566,3298
21,3299
348,3301
2987,3301
798,3302
3525,3302
2799,3303
1859,3304
3843,3304
923,3305
3727,3305
2212,3306
2949,3306
1358,3307
1576,3307
2087,3308
2914,3308
1752,3309
2000,3309
3305,3309
321,3310
1350,3310
2431,3310
1060,3311
429,3312
780,3312
2482,3312
2524,3312
1464,3313
3290,3313
1501,3314
3946,3314
562,3315
2784,3315
3733,3315
22,3316
3774,3316
423,3317
1117,3317
1758,3318
1921,3319
2288,3319
719,3320
2823,3320
3610,3320
3626,3320
1081,3321
3149,3321
3436,3321
130,3322
751,3322
820,3322
1248,3322
1603,3322
526,3323
3404,3323
2140,3324
2538,3324
2617,3324
3734,3324
4000,3324
1266,3325
3652,3325
1499,3327
2447,3327
2451,3327
2640,3327
3969,3327
293,3328
2544,3328
2037,3329
1785,3330
2733,3330
3369,3330
3484,3330
4007,3330
502,3331
1375,3331
760,3332
3969,3332
2074,3333
11,3334
697,3334
910,3334
1956,3334
3184,3334
3323,3334
2470,3335
3388,3335
3391,3335
160,3336
1345,3336
2173,3336
4013,3336
2586,3337
3755,3337
1636,3338
301,3339
1007,3339
1558,3339
2769,3339
2433,3340
2690,3340
3461,3340
4009,3340
483,3341
3145,3341
858,3342
967,3342
3345,3342
798,3343
3028,3343
3474,3343
1795,3344
1845,3344
2205,3344
2685,3344
3624,3344
4006,3344
1089,3345
1178,3345
240,3346
1245,3347
3548,3347
700,3348
3623,3348
1369,3349
2489,3349
3352,3349
1301,3350
614,3351
3772,3351
75,3352
668,3352
1583,3352
411,3353
3931,3354
334,3355
440,3355
519,3355
713,3355
958,3355
1316,3355
2005,3355
2038,3355
598,3356
2123,3356
71,3357
3301,3358
1600,3359
2054,3359
2525,3359
1314,3360
2082,3360
3060,3360
218,3361
2048,3361
3366,3361
379,3362
720,3363
1936,3363
1955,3363
12,3364
3247,3364
4026,3364
439,3365
2112,3365
3416,3365
1604,3366
2935,3366
3412,3366
190,3367
2242,3367
29,3368
339,3368
125,3369
323,3369
2235,3369
2606,3369
3965,3369
63,3370
2552,3370
3927,3370
87,3371
1118,3371
1149,3371
1435,3371
2460,3371
889,3372
88,3373
384,3374
1147,3374
2253,3374
2835,3374
3053,3374
2487,3375
53,3376
399,3376
2362,3376
91,3377
1159,3377
1203,3377
1311,3377
1629,3377
2143,3377
2206,3377
1452,3378
1505,3378
3633,3378
3776,3378
3343,3379
3498,3380
3801,3380
92,3381
2713,3381
3227,3382
55,3383
2609,3383
3623,3383
3847,3383
2915,3384
3895,3384
96,3385
3152,3385
53,3386
1434,3386
2202,3386
97,3387
3364,3388
98,3389
1521,3389
3941,3389
284,3390
1571,3390
2200,3390
2533,3390
3519,3390
3852,3391
906,3392
1287,3392
1610,3392
2989,3392
101,3393
2494,3393
3503,3393
1118,3394
2933,3394
102,3395
394,3395
2401,3395
21,3396
773,3396
860,3396
103,3397
1868,3397
3315,3397
46,3398
2541,3398
3109,3398
3558,3398
1922,3400
2243,3401
3750,3401
107,3403
2542,3403
3874,3403
1980,3404
1251,3406
1711,3406
1041,3407
1765,3407
38,3408
264,3409
841,3409
3033,3409
720,3410
3582,3410
112,3411
3238,3411
580,3412
2608,3412
1452,3413
334,3414
1693,3414
1712,3414
3363,3414
877,3415
1464,3415
1576,3415
2411,3415
3732,3415
1234,3416
2531,3416
2658,3416
305,3417
3227,3417
3172,3418
3184,3418
33,3419
1927,3419
3309,3419
1217,3421
633,3422
1069,3423
1518,3423
2967,3423
4044,3423
156,3424
320,3425
797,3425
1728,3425
2490,3425
439,3426
3676,3426
3857,3426
715,3427
1129,3427
2457,3427
2938,3427
3685,3427
2382,3428
1829,3429
2240,3429
2259,3429
3640,3429
3967,3429
2310,3430
97,3431
1831,3431
2843,3431
2308,3432
2959,3432
716,3433
765,3433
2521,3433
3234,3433
3721,3433
1518,3434
4074,3434
2405,3435
2897,3435
1322,3436
1593,3436
3156,3436
3712,3436
2442,3437
1055,3438
2557,3438
718,3439
1330,3439
1713,3439
3412,3439
4063,3439
1411,3440
1975,3440
171,3441
623,3441
1665,3441
1725,3441
19,3442
642,3442
1641,3442
114,3443
792,3444
826,3444
2490,3444
1983,3445
1524,3446
16,3447
2279,3447
2232,3448
3679,3448
3630,3449
3482,3450
1378,3451
3263,3451
292,3452
1299,3452
2465,3452
3975,3452
248,3453
295,3453
3288,3453
782,3454
872,3454
3940,3454
394,3456
2422,3456
3731,3456
4053,3456
3425,3457
2790,3458
3336,3458
1956,3459
2981,3459
2537,3460
3492,3461
1192,3462
2091,3462
3760,3463
570,3464
1716,3464
2165,3464
2069,3465
3512,3466
3837,3466
1141,3467
1808,3467
2232,3467
2676,3467
2157,3468
2546,3468
180,3469
1168,3469
2983,3469
3514,3470
1190,3471
76,3472
151,3472
1600,3473
1624,3473
2173,3473
4005,3473
331,3476
2418,3476
32,3477
2673,3478
179,3479
904,3480
3889,3480
2607,3481
3693,3481
869,3482
1005,3482
330,3483
1668,3483
3527,3483
1309,3484
2575,3484
105,3485
417,3485
3350,3485
1833,3486
3050,3486
3117,3486
553,3487
825,3487
2986,3487
3926,3488
131,3489
1447,3489
460,3490
1838,3491
1963,3491
100,3492
2734,3492
3064,3492
3147,3492
3707,3492
650,3493
1479,3493
2555,3493
957,3496
1255,3496
3419,3497
3549,3497
1945,3498
2182,3498
2700,3498
3197,3498
3522,3498
111,3499
2521,3501
1881,3504
1192,3505
1758,3505
4001,3505
2485,3507
3015,3507
940,3510
2287,3510
4078,3510
3511,3511
804,3512
118,3513
273,3513
3125,3513
3498,3514
1860,3515
3271,3515
753,3516
2579,3516
3299,3516
1231,3517
1549,3517
1725,3517
2106,3517
1024,3518
1102,3518
1624,3518
2739,3519
3815,3519
3878,3520
1561,3521
2181,3521
513,3522
916,3522
1130,3522
1214,3522
1298,3522
2333,3522
3171,3522
1361,3524
1602,3524
3562,3524
526,3525
1032,3525
3948,3525
1080,3527
1087,3527
1100,3527
2867,3527
1466,3528
1335,3529
2189,3529
2054,3530
3094,3530
908,3531
1264,3531
703,3532
1314,3533
3330,3534
1101,3535
228,3536
2083,3536
3304,3536
2314,3537
2499,3537
757,3538
1516,3540
19,3541
3797,3542
1258,3543
318,3544
1807,3544
3925,3544
1162,3545
1297,3545
1302,3545
3351,3545
308,3547
777,3550
1541,3550
2709,3550
57,3551
3043,3551
4091,3551
2569,3553
1363,3554
1626,3554
2165,3554
1226,3555
4015,3555
113,3556
1134,3556
2463,3556
3083,3556
1500,3557
1849,3557
895,3559
2489,3560
1111,3561
3827,3561
2690,3562
1180,3564
2744,3564
3551,3564
3799,3566
3564,3567
24,3568
3639,3568
3781,3568
1895,3569
4052,3570
822,3571
1634,3571
2971,3571
394,3572
789,3572
1140,3572
1475,3572
3220,3572
311,3573
1489,3573
1461,3574
2523,3574
86,3575
3700,3575
1274,3577
756,3579
1489,3579
3226,3579
593,3580
1100,3580
1345,3580
2102,3580
3474,3580
579,3581
1841,3581
197,3582
416,3582
3099,3582
2346,3583
3917,3583
327,3584
625,3585
1247,3585
2173,3585
1605,3586
2784,3586
629,3587
1443,3587
747,3588
358,3590
1813,3590
4016,3590
253,3591
1593,3591
2195,3591
2594,3591
2888,3591
1087,3593
1225,3593
3466,3593
3814,3593
1428,3594
1794,3595
3341,3595
710,3596
3711,3596
1189,3597
3650,3597
1492,3598
3568,3598
940,3599
1559,3599
2946,3599
3800,3599
804,3601
1386,3601
2966,3601
4067,3601
2529,3602
2610,3602
3141,3603
3266,3603
3678,3603
4011,3603
107,3604
2905,3604
3453,3604
684,3605
3658,3606
2265,3607
4036,3607
348,3609
1957,3610
1095,3611
1370,3611
2453,3611
2808,3611
2928,3611
1455,3612
2707,3612
3632,3612
325,3613
2479,3613
1845,3614
534,3615
1629,3617
1679,3617
2891,3617
4062,3617
721,3618
1083,3618
1106,3618
1479,3619
2793,3619
2117,3621
1987,3622
3814,3622
1442,3623
2170,3623
2352,3623
1875,3624
3713,3624
4056,3624
1191,3625
1004,3626
841,3627
3214,3627
465,3628
1972,3628
580,3630
841,3631
1077,3631
1770,3632
1767,3634
1409,3636
2762,3637
3662,3637
566,3638
1366,3638
1783,3638
3897,3639
2218,3640
3195,3640
2817,3642
3977,3642
787,3643
1647,3643
1676,3643
3664,3644
522,3645
1789,3646
307,3647
3761,3647
4054,3648
10,3649
460,3649
694,3649
699,3649
1057,3649
1734,3650
2922,3650
768,3651
2693,3651
1442,3653
3381,3653
1258,3654
1825,3654
2371,3654
3327,3655
1290,3656
1578,3656
3018,3656
3281,3656
3571,3657
3643,3657
964,3658
4039,3658
287,3659
3278,3659
1588,3660
234,3661
1069,3661
1183,3661
615,3662
1269,3662
1488,3663
2236,3663
968,3666
1247,3666
1543,3667
1981,3667
2246,3667
1897,3668
3140,3668
3271,3668
80,3669
2345,3670
1805,3671
418,3672
173,3674
1419,3674
10,3675
778,3676
3305,3676
2233,3677
3605,3677
1730,3679
2730,3679
2374,3680
3291,3680
304,3681
1795,3681
61,3682
2775,3682
3454,3682
3641,3682
1099,3683
3632,3683
2842,3685
3974,3685
2416,3686
3930,3686
2328,3687
3261,3688
867,3691
1293,3691
1196,3693
1246,3693
25,3694
743,3694
1824,3695
23,3696
172,3696
622,3696
3941,3696
875,3697
2340,3697
2396,3697
3630,3697
2948,3698
3382,3698
1100,3699
2956,3699
3030,3700
3403,3700
838,3701
1143,3701
3394,3701
3525,3701
1116,3703
1492,3703
1728,3704
3100,3705
152,3706
1846,3706
708,3707
1680,3708
1075,3709
1432,3710
3907,3710
2274,3711
1248,3712
103,3713
3990,3713
1156,3714
1309,3714
1415,3714
843,3715
869,3715
2350,3715
3344,3715
196,3716
389,3716
401,3716
2913,3716
1184,3717
1660,3719
1882,3719
2236,3719
2809,3722
3864,3722
931,3723
1379,3723
278,3724
364,3724
511,3724
2443,3724
3751,3724
2530,3725
3133,3725
1996,3726
2169,3726
488,3727
989,3727
3098,3729
3339,3730
925,3732
2446,3732
1678,3733
3144,3734
523,3735
1199,3735
629,3736
657,3736
1486,3736
2140,3736
3785,3736
1073,3737
3880,3737
2156,3738
2788,3738
1061,3739
1163,3739
1237,3739
3126,3739
1528,3740
1099,3741
1947,3741
3150,3741
750,3742
1028,3742
1598,3742
1188,3743
3740,3743
556,3744
1621,3744
1713,3744
1980,3744
2356,3744
2369,3744
2429,3744
4055,3744
541,3746
641,3746
762,3746
2559,3746
1923,3747
3757,3747
74,3748
985,3749
3960,3749
3620,3750
2643,3751
2747,3751
212,3752
2532,3752
1220,3753
1010,3754
2987,3754
1558,3755
1826,3755
3480,3755
1019,3756
1744,3756
837,3758
4036,3760
882,3761
1415,3761
1824,3761
3183,3761
3483,3762
3528,3763
4030,3764
916,3765
2299,3765
2658,3765
110,3768
2754,3768
2938,3768
2990,3768
3512,3768
3852,3768
3141,3770
299,3771
2022,3771
2949,3771
3399,3771
333,3772
2129,3772
3977,3772
118,3773
230,3773
682,3773
3166,3773
3956,3774
1889,3775
2436,3775
3588,3775
977,3776
1691,3776
1757,3776
2763,3777
1285,3778
2041,3778
3768,3779
3846,3782
2100,3784
45,3787
961,3787
2670,3787
515,3788
3067,3788
568,3789
1429,3790
2564,3790
2575,3790
3548,3790
211,3791
1074,3792
3679,3792
577,3793
1014,3793
1163,3794
2999,3794
3520,3794
1845,3795
2397,3795
2536,3795
150,3796
1413,3796
2928,3796
2855,3797
3159,3797
1531,3798
1743,3798
2258,3798
87,3799
783,3799
1066,3799
4053,3800
2167,3801
3752,3801
3974,3801
2793,3802
3204,3802
1815,3803
2484,3803
1442,3804
2052,3805
2545,3805
937,3807
1955,3810
2165,3811
3569,3811
1640,3813
327,3815
2293,3815
3124,3815
899,3816
1126,3816
1415,3816
1830,3816
3647,3816
1358,3818
1870,3818
2835,3818
99,3819
1029,3819
1515,3819
1948,3819
1978,3819
2423,3819
435,3821
3066,3822
2426,3824
3397,3824
2962,3825
1890,3826
2676,3826
104,3827
118,3827
1712,3827
2025,3827
3559,3827
4035,3827
302,3828
688,3828
1121,3828
1744,3828
3316,3828
3380,3828
3870,3828
3056,3829
1900,3830
2030,3831
2921,3832
3553,3832
841,3833
981,3833
476,3834
1979,3834
336,3835
629,3835
1900,3837
2930,3837
3996,3837
111,3838
2534,3838
1450,3839
2159,3839
2316,3839
112,3840
972,3840
1456,3840
3130,3840
1147,3841
2165,3841
3261,3841
820,3842
3721,3842
202,3843
1071,3843
1401,3843
2274,3843
4024,3843
1465,3845
1073,3846
3802,3846
3235,3847
117,3848
3082,3849
3274,3849
3488,3849
1041,3850
1470,3850
1840,3850
3921,3850
1767,3851
270,3852
48,3853
341,3853
2098,3853
3000,3853
1261,3854
823,3855
1733,3855
3573,3855
41,3856
1196,3857
1562,3857
2509,3857
3127,3857
3675,3858
259,3859
2566,3859
727,3860
3170,3861
716,3862
2722,3862
1442,3863
2502,3864
898,3865
129,3867
1366,3867
3567,3867
3008,3868
130,3869
652,3869
2197,3870
3003,3870
3319,3870
539,3871
2233,3871
2238,3871
3711,3871
95,3872
438,3874
4062,3874
2517,3875
1069,3876
2614,3876
3224,3876
2414,3877
2745,3877
692,3878
1048,3878
3588,3879
890,3880
1688,3880
3819,3880
3852,3880
1137,3881
26,3882
30,3882
138,3882
375,3882
3208,3882
2556,3883
2724,3883
978,3884
2007,3884
94,3885
3211,3886
463,3887
2256,3887
2930,3887
3091,3887
900,3888
2151,3888
3306,3888
3603,3888
1795,3889
13,3890
143,3890
3141,3890
3703,3890
600,3891
1029,3892
145,3893
540,3893
1754,3893
1823,3893
1835,3894
1788,3895
3102,3895
30,3896
568,3896
133,3897
1183,3897
2213,3897
2771,3897
3857,3897
3430,3899
273,3900
1470,3900
2257,3900
3182,3900
1893,3902
2242,3902
723,3903
1363,3903
918,3904
482,3905
2165,3905
2427,3905
2149,3906
68,3907
2447,3907
465,3908
1903,3908
2891,3908
155,3909
1737,3909
1067,3911
1169,3911
1935,3911
3163,3911
747,3912
1414,3913
1475,3913
3657,3913
794,3915
1098,3918
3725,3918
161,3919
2903,3919
3172,3919
977,3920
1942,3920
3875,3920
3503,3921
2087,3923
1524,3924
1602,3924
2397,3924
675,3925
780,3925
3708,3925
1390,3926
4024,3926
1218,3927
94,3930
1156,3930
853,3931
1271,3931
2860,3931
3123,3931
531,3932
2687,3932
3402,3932
682,3933
1209,3933
1886,3934
3947,3934
4046,3935
2350,3936
3911,3936
2326,3937
508,3938
190,3939
225,3940
608,3940
3758,3940
1745,3941
3121,3941
3811,3942
3889,3942
1977,3943
770,3944
3141,3948
1643,3949
944,3950
3820,3950
47,3951
2831,3951
456,3952
2615,3952
3120,3952
1060,3953
1985,3954
2217,3954
3850,3954
1491,3955
3838,3955
2137,3956
3431,3956
1652,3957
1013,3958
1677,3959
3876,3959
3960,3960
1364,3962
3279,3962
3276,3963
818,3964
218,3966
486,3966
2782,3966
1989,3967
2773,3967
592,3968
1257,3970
1596,3970
2003,3970
2983,3970
3916,3970
76,3971
121,3971
358,3971
367,3971
670,3971
1219,3971
1731,3971
1780,3971
2277,3971
74,3972
926,3972
1637,3972
2275,3972
3372,3972
1652,3973
2521,3973
1436,3974
1872,3974
2528,3974
2562,3974
2785,3974
3376,3974
3435,3974
504,3976
698,3977
1054,3978
1972,3978
2119,3978
1114,3979
3122,3979
2248,3980
1069,3981
1500,3981
2709,3981
510,3983
2030,3983
2397,3983
900,3984
249,3985
1296,3987
704,3989
1154,3989
3812,3989
740,3990
2654,3991
3449,3991
3435,3992
3577,3992
1404,3993
3426,3993
3021,3994
7,3995
1006,3995
3697,3996
1287,3997
3466,3998
45,3999
512,3999
957,3999
1783,3999
1897,4000
2258,4000
2545,4000
376,4002
1368,4002
1556,4002
2650,4003
3848,4003
1556,4004
3727,4004
1183,4005
1755,4005
863,4006
1054,4006
3794,4006
452,4008
1315,4008
1927,4009
337,4010
2719,4010
3923,4010
1726,4011
1799,4012
2028,4012
589,4013
3123,4013
1365,4014
1981,4014
2011,4014
704,4015
3660,4015
1252,4016
894,4018
3606,4018
3639,4019
216,4020
279,4020
500,4020
3411,4020
849,4021
3092,4021
3855,4022
3081,4023
3666,4024
902,4025
1480,4025
2058,4025
3151,4025
3664,4025
939,4026
2162,4026
3646,4027
504,4029
1691,4030
163,4031
548,4031
376,4034
3603,4034
3802,4034
281,4035
954,4035
3480,4035
3971,4035
1027,4036
1435,4037
3685,4037
528,4038
816,4038
3448,4039
2391,4042
358,4043
420,4044
1959,4044
80,4046
705,4047
2389,4047
3688,4047
1168,4048
1640,4048
2267,4048
156,4049
241,4049
1120,4050
1378,4050
2404,4050
2932,4050
841,4051
3076,4051
1774,4053
2200,4053
4072,4053
2200,4055
3284,4055
1454,4057
1944,4057
4051,4057
101,4058
613,4058
207,4059
1236,4059
1987,4059
3574,4059
3593,4059
724,4060
3619,4060
294,4061
3824,4061
4037,4061
1614,4063
3502,4063
3811,4063
1202,4064
2997,4064
3565,4064
1621,4065
2822,4065
413,4066
1761,4066
2805,4066
3255,4066
384,4068
486,4068
1772,4068
995,4069
2035,4069
1024,4071
3026,4071
4022,4071
861,4072
3835,4072
2419,4074
2425,4074
1665,4077
3839,4078
37,4079
514,4079
855,4079
1223,4079
2875,4079
3085,4079
3779,4079
2857,4080
226,4081
1026,4081
2147,4081
3878,4081
1046,4083
1877,4083
3184,4083
1167,4084
3655,4084
4017,4084
126,4085
488,4085
1653,4085
2716,4086
3654,4086
1594,4087
1887,4087
3493,4087
773,4088
2335,4088
746,4090
2307,4090
3084,4090
3158,4090
173,4091
248,4091
