OBJNAME,GAIADR2ID,2MASSID,RV,RV_REF,TEFF,TEFF_REF,ALIASES,CHECKED,FOUND,FOUND_MANUAL,COMMENTS
V900MON,3050857592681422080,,,,,,V900MON|2MASS J06572222-0823176|UCAC4 409-021110|V* V900 Mon|WISE J065722.22-082317.6|Gaia DR2 3050857592681422080|,FALSE,FALSE,TRUE,
BBW76,5594750362570794368,,,,,,BBW76|2MASS J07503560-3306238|AKARI-IRC-V1 J0750355-330623|AM 0748-325|BRAN  76|CGMW 2-1365|IRAS 07486-3258|UCAC4 285-026694|V* V646 Pup|WISE J075035.58-330623.8|[GRV93]  2|Gaia DR2 5594750362570794368,FALSE,FALSE,TRUE,"Assuming BRAN 76 is the right one, need human or some sort of mapping between names"
V1515CYG,2068538335168568192,,,,,,V1515CYG|2MASS J20234802+4212257|HBC 692|IRAS 20220+4202|NOMAD1 1322-0469999|UCAC4 662-088012|uvby98 610300692|V* V1515 Cyg|WISE J202348.01+421225.7|[KW97] 46-15|[MTK2011] F4  3|[Z97]  5|AAVSO 2020+41|Gaia DR2 2068538335168568192,FALSE,FALSE,TRUE,
V582AUR,182897956784147328,,,,,,V582AUR,FALSE,FALSE,FALSE,This Gaia id matches nothing in simbad. OBJNAME in simbad gives GAIAID 182899365533415680
V1057CYG,2162235662383047040,,,,,,V1057CYG|2MASS J20585371+4415283|CSI+44-20571  2|EM* UHA   94|EM* LkHA  190|GEN# +6.20038190|GSC 03179-01055|HBC 300|HBHA 4204-02|JP11  5439|JP11  5293|MSX6C G085.4897-01.0466|SV* SON  7817|UCAC4 672-087538|uvby98 610300300|V* V1057 Cyg|WISE J205853.71+441528.2|[KW97] 53-38|[PCC93] 435|[RGS2011] J205853.74+441528.3|AAVSO 2055+43|Gaia DR2 2162235662383047040,FALSE,FALSE,TRUE,
GL411,762815333123157760,,,,,,GL411,FALSE,FALSE,FALSE,This Gaia id matches nothing in simbad. OBJNAME in simbad gives no GAIAID
NYORI,3017373714110400128,,,,,,NYORI|2MASS J05353601-0512253|HBC 148|JW  917|Kiso A-0976 189|2MASSI J0535360-051225|PACH 292|Parenago  2119|TKK  1046|TKK J05353601-0512252|V* NY Ori|[CHS2001] 11255|[DRH2012] 1313|[DRS2009] 71|[FHM2008] S1-ap148|[H97b] 917|[JMO94] 161|[KHT2016] ONC RV835|[MGM2012] 2250|[S58] 190|[TKT2002] I278|Gaia DR2 3017373714110400128,FALSE,FALSE,TRUE,
V883ORI,3016106909210376704,,,,,,V883ORI|2MASS J05381810-0702259|HBC 489|HH  183|HOPS 376|SDSS J053818.10-070226.0|V* V883 Ori|[FKV2013] 1247|[MGM2012] 670|Gaia DR2 3016106909210376704,FALSE,FALSE,TRUE,
XZTAU,3314312432806907776,,,,,,XZTAU|Cl* Melotte   25     VA     634|Cl* Melotte   25    HAN     512|2MASS J04314544+1814359|UCAC2  38202586|UCAC4 542-009390|VSS   XI-5|[GOK2004] 68|Gaia DR2 3314312432806907776,FALSE,FALSE,FALSE,The Gaia id for “xz tau” in simbad is 3314312604605602688
HD185603,2033123654092592384,,,,,,HD_185603|HD 185603|AG+31 1846|BD+30  3673|GEN# +1.00185603|GSC 02655-03344|HIC  96618|HIP  96618|KELT-20|LF  2 +31  176|MASCARA-2|2MASS J19383872+3113091|PPM  83273|SAO  68614|SKY# 36674|TD1 25169|TYC 2655-3344-1|uvby98 100185603|Gaia DR2 2033123654092592384|Gaia DR1 2033123649761760384,FALSE,FALSE,TRUE,
K2-277,3604866381969319040,,,,,,K2-277|BD-15  3672|EPIC 212357477|GSC 06121-00773|K2-277|2MASS J13280398-1556162|PPM 227330|RAVE J132804.0-155616|TYC 6121-773-1|Gaia DR2 3604866381969319040|Gaia DR1 3604866381969319040,FALSE,FALSE,TRUE,
G272-127,2462426800883156480,,,,,,G_272-127|G 272-127|** GAL  315B|** LDS   60B|CCDM J01572-1015B|CSI-10   403  2|GEN# +1.00011964B|GJ    81.1 B|GJ  9063 B|HD  11964B|IDS 01522-1043 B|Karmn J01571-102|LP  709-81|LTT  1039|2MASS J01571110-1014528|NLTT  6530|PPM 709944|RAVE J015711.1-101453|StKM 2-169|TYC 5278-2442-1|UCAC2  28128241|UCAC4 399-002156|WDS J01572-1015B|[RHG95]   347|Gaia DR2 2462426800883156480,FALSE,FALSE,TRUE,
HD207966B,1960631100090155264,,,,,,HD_207966B|BD+41  4291B|** HO  172B|ADS 15400 B|ASCC  443072|CCDM J21519+4221B|CSI+41  4291  2|GJ   838.3 B|GJ  9760 B|HD 207966B|IDS 21479+4153 B|LSPM J2151+4220E|2MASS J21515386+4220390|PM J21518+4220E|TYC 3193-2107-2|UCAC4 662-101450|USNO-B1.0 1323-00540142|WDS J21519+4221B|[RHG95]  3427|Gaia DR2 1960631100090155264,FALSE,FALSE,TRUE,
SIGCRBC,1322906861255829376,,,,,,SIGCRBC|G 180-42|* sig CrB C|ADS  9979 C|ASCC  594436|BD+34  2750C|CCDM J16147+3352C|CSI+34  2750  2|CSI+33-16121|EXO 1612.0+3353|GALEX 6371443525364486656|GJ   615.2 C|GJ  9549|HAT 192-00422|HIC  79551|HIP  79551|Karmn J16139+337AB|LP  275-6|LSPM J1613+3346|LTT 14836|2MASS J16135630+3346243|NLTT 42306|PLX 3686.10|PLX 3686.1|PM J16139+3346|SDSS J161356.19+334623.8|TYC 2583-2153-1|UCAC2  43627792|UCAC4 619-051946|USNO-B1.0 1237-00254169|WDS J16147+3352C|WISEA J161356.03+334623.2|2XMM J161356.2+334624|[RHG95]  2557|Gaia DR2 1322906861255829376,FALSE,FALSE,TRUE,
HD154363B,4364480521350598144,,,,,,HD_154363B|LHS   432|BD-04  4226|CCDM J17051-0504B|Ci 20 1018|GCRV  9854|GEN# +1.00154363B|GEN# +9.80019014|GEN# -0.00404226|G  19-14|GJ   654|GSC 05072-00347|HD 154363B|HIC  83599|HIP  83599|IDS 16597-0456 B|JP11   250|Karmn J17052-050|LFT 1317|LPM 626|LTT  6824|2MASS J17051383-0505385|NC 42|NLTT 44131|NSV  8176|PLX 3880|PLX 3880.00|PM 17026-0502|PM J17052-0505|StKM 2-1292|TYC 5072-1232-1|UBV   14389|UBV   14407|UBV M   5159|UBV   14410|UCAC2  30040735|UCAC4 425-069319|UGP 425|WDS J17050-0504B|WEB 14140|WISEA J170513.16-050550.7|Wolf  636|Zkh 240|[RHG95]  2692|Gaia DR2 4364480521350598144|Gaia DR1 4364855828476735232,FALSE,FALSE,TRUE,
GL905,1926461164913660160,,,,,,GL905|GJ   905|ASCC  451737|Ci 20 1445|CSI+43-23394|CSI+43-23394  1|CSV   5777|GAT 1360|GCRV 14848|GEN# +6.10010905|GEN# +9.80171010|G 171-10|G 190-42|IRAS 23394+4354|JP11  5182|Karmn J23419+441|LFT 1816|LHS   549|LSPM J2341+4410|LTT 16985|2MASS J23415498+4410407|NLTT 57692|8pc 316.00|PLX 5736|PLX 5736.00|PM 23394+4355|PM J23419+4410|RAFGL  905|Ross  248|1RXS J234155.0+441047|UBV M  42997|USNO 275|USNO 908|USNO-B1.0 1341-00523884|V* HH And|WEB 20625|WISEA J234155.15+441022.1|Zkh 353|[FS2003] 1203|[GKL99] 454|[RHG95]  3743|Gaia DR2 1926461164913660160,FALSE,FALSE,TRUE,
V830TAU,147831571737487488,,,,,,V830TAU|2MASS J04331003+2433433|XEST 04-016|[GBA2007] 1542|2E  1085|GSC 01833-00843|HBC 405|IRAS C04301+2427|NAME WK X-2|NAME WK X-Ray 2|TAP 46|V* V830 Tau|WK81 2|[FK83] LDN 1529 18|[MWF83] P4|Gaia DR2 147831571737487488|SSTc2d J043310.0+243343|1E 0430.2+2459|1RXS J043309.8+243359|1SWASP J043310.02+243343.7|2E 0430.1+2427|2RXP J043310.3+243345|SSTtau 043310.0+243343|[LLQ2015] TMO 35|GBS-VLA J043310.04+243343.1|WISE J043310.03+243343.1|EPIC 247822311,FALSE,FALSE,TRUE,
LKCA15,144936836795636864,,,,,,LKCA15|** KSA   25A|WDS J04393+2221Aa|WDS J04393+2221A|** LKCA   15Aa|2MASS J04391779+2221034|EM* LkCa   15|GSC 01278-00193|HBC 419|IRAS 04363+2215|IRAS F04363+2215|V* V1079 Tau|Gaia DR2 144936836795636864|JCMTSE J043917.7+222102|JCMTSF J043917.7+222102|PSCz Q04363+2215|AKARI-IRC-V1 J0439178+222103|UCAC2  39617972|TYC 1278-193-1|WISE J043917.79+222103.3|SSTtau 043917.7+222103|WISE J043917.80+222103.3|EPIC 247520207,FALSE,FALSE,TRUE,
CITAU,145203159127518336,,,,,,CITAU|2MASS J04335200+2250301|[ABG2007] 1602|XEST 17-OM-066|XEST 17-058|[GBA2007] 1658|AN  119.1925|CSI+22-04309|GCRV 55186|GEN# +6.20078061|HBC  61|Haro 6-25|IRAS 04308+2244|IRAS F04308+2244|MHA 259-20|SV* SVS    64|SV* ZI   296|UBV    4378|V* CI Tau|[OMK98] 32|Gaia DR2 145203159127518336|UCAC2  39798018|AKARI-IRC-V1 J0433519+225030|WISE J043352.01+225030.0|SSTtau 043352.0+225030|EPIC 247584113,FALSE,FALSE,TRUE,
GJ1111,703790044252850688,,,,,,GJ1111|Karmn J08298+267|PLX 2016.0|LSPM J0829+2646|UCAC2  41191231|2MASS J08294949+2646348|USNO-B1.0 1167-00167383|8pc 275.80|G  51-15|GEN# +9.80051015|GJ  1111|JP11  5934|JP11  5935|LHS   248|LTT 18058|NLTT 19635|PM 08269+2657|USNO 311|V* DX Cnc|Zkh 118|[GKL99] 181|[RHG95]  1326|PLX 2016.01|UCAC4 584-042341|PM J08298+2646|Gaia DR2 703790044252850688,FALSE,FALSE,TRUE,
GJ3470,654687847820642560,,,,,,GJ3470|Karmn J07590+153|Cl* Melotte   25    EGG      29|LSPM J0759+1523|USNO-B1.0 1053-00160863|GJ  3470|LP  424-4|NLTT 18739|[RHG95]  1255|Gaia DR2 654687847820642560|2MASS J07590587+1523294|UCAC4 527-044913|PM J07590+1523,FALSE,FALSE,TRUE,
TWA7,5444751795151480320,,,,,,TWA7|WISE J104230.01-334016.4|2MASS J10423011-3340162|GSC 07190-02111|TYC 7190-2111-1|1RXS J104230.3-334014|RX J104230.3-334014|ASAS J104230-3340.3|V* CE Ant|TWA 7|TWA 7A|Gaia DR2 5444751795151480320,FALSE,FALSE,TRUE,
GL338B,1022456104850892928,,,,,,GL338B|Karmn J09144+526|PM J09144+5241|ASCC  253742|2MASS J09142485+5241118|LSPM J0914+5241E|USNO-B1.0 1426-00239093|8pc 159.48B|ADS  7251 B|AG+52  753|AGKR  8302|BD+53  1321|CCDM J09144+5241B|G 195-18|GC 12728|GCRV  6030|GEN# +1.00079211|GJ   338 B|HD  79211|HIC 120005|HIP 120005|IDS 09078+5307 B|JP11  1781|LAL 18115|LFT  635|LHS   261|LTT 12426|NLTT 21251|PPM  32060|RBS   755|SAO  27179|SKY# 17825|TYC 3806-1819-1|UBV    8825|YZ  52  3335|YZC 26  3335|Zkh 126|[GKL99] 198|[RHG95]  1452|uvby98 100079211|1RXS J091424.4+524118|RX J0914.4+5241|[ZEH2003] RX J0914.4+5241  2|WDS J09144+5241B|** STF 1321B|UCAC4 714-048102|StKM 2-552|Gaia DR1 1022456100555749632|WEB  8638|Gaia DR2 1022456104850892928,FALSE,FALSE,TRUE,
TWA13A,5399220743767211776,,,,,,TWA13A|2MASS J11211723-3446454|TWA 13A|TWA 13N|[SAC99] RX J1121.3-3447N|[TDQ2000] TRX 16N|CD-34  7390A|WDS J11213-3447A|ASAS J112117-3446.8|V* V547 Hya|UCAC4 277-059985|** SWR  110A|Gaia DR2 5399220743767211776,FALSE,FALSE,TRUE,
GJ3622,3757613049856225792,,,,,,GJ3622|Karmn J10482-113|GJ  3622|LHS   292|LP  731-58|NLTT 25392|USNO 835|[GKL99] 223|[RHG95]  1679|2MASS J10481258-1120082|2MASSI J1048126-112009|PLX 2516.02|8pc 220.30|USNO-B1.0 0786-00215012|UCAC3 158-112504|UCAC2  27842586|Gaia DR2 3757613049856225792|DENIS J104812.6-112009|WISEA J104813.03-112025.9|UCAC4 394-049480|PM J10482-1120,FALSE,FALSE,TRUE,
GL408,3988987164339438208,,,,,,GL408|PLX 2561|LSPM J1100+2249|ASCC  776322|UCAC2  39850706|2MASS J11000432+2249592|USNO-B1.0 1128-00230478|8pc 150.96|AC +23   468-46|CSI+23-10574|Ci 20  601|G  58-32|G 120-9|G 119-49|GCRV  6797|GEN# +9.80058032|GJ   408|HIC  53767|HIP  53767|LHS  6193|LTT 12942|MCC 128|NLTT 25946|Ross  104|TYC 1978-1286-1|UBV   10057|Zkh 148|[HFE83]  768|[RHG95]  1709|PLX 2561.00|WISEA J110003.93+224955.7|UCAC4 565-047644|StKM 2-688|PM J11000+2249|GALEX 6387874711957667994|WEB  9740|Gaia DR2 3988987164339438208,FALSE,FALSE,TRUE,
GL447,3796072592206250624,,,,,,GL447|Karmn J11477+008|PLX 2730|LSPM J1147+0048|ASCC 1136005|UCAC2  32039206|USNO-B1.0 0908-00204201|2E  2532|8pc 299.58|CSI+01-11451|Ci 20  662|G  10-50|G  11-22|GAT 1132|GCRV  7139|GEN# +6.10010447|GJ   447|GSC 00272-00665|HIC  57548|HIP  57548|IRAS 11451+0105|JP11  5144|JP11  5186|JP11  5145|LFT  852|LHS   315|LTT 13240|MCC 286|NLTT 28570|PM 11452+0106|Ross  128|UBV M  42951|USNO 615|USNO 840|V* FI Vir|VVO 214|Zkh 169|[GKL99] 248|[RHG95]  1849|2MASS J11474440+0048164|PLX 2730.00|1RXS J114744.7+004831|2E 1145.1+0105|RX J1147.7+0048|TYC  272-1051-1|GSC 00272-01051|[ZEH2003] RX J1147.7+0048  1|GAT 1131|Gaia DR2 3796072592206250624|WISEA J114744.81+004803.7|UCAC4 455-052049|PM J11477+0048|EPIC 201518346|Gaia DR1 3796072587910775936|GALEX 3196326618938216349|WEB 10335,FALSE,FALSE,TRUE,
GL581,6322070093095493504,,,,,,GL581|Gaia DR2 6322070093095493504|WISEA J151925.96-074321.2|PM J15194-0743E|StKM 2-1135|TYC 5594-1093-1|PLX 3458|8pc 159.52|BD-07  4003|Ci 20  923|G 151-46|G 152-9|GCRV  8863|GEN# -0.00704003|GJ   581|GSC 05594-00593|HIC  74995|HIP  74995|JP11   273|LFT 1195|LHS   394|LPM 564|LTT  6112|MCC 159|NLTT 39886|NSV  7023|UBV   13194|UBV M   5243|V* HO Lib|Wolf  562|Zkh 217|[RHG95]  2420|PLX 3458.00|2MASS J15192689-0743200|UCAC3 165-136246|DENIS J151926.8-074319|UCAC2  29110263|UCAC4 412-059591|Gaia DR1 6322069882641960448|WEB 12795,FALSE,FALSE,TRUE,
V1298TAU,51886335968692480,,,,,,V1298TAU|K2-309|BD+19   656|2MASS J04051959+2009256|TYC 1258-338-1|GSC 01258-00338|[WKS96]  4|SSTc2d J040519.6+200926|1RXS J040518.6+200919|1SWASP J040519.59+200925.5|RX J0405.3+2009|V* V1298 Tau|GALEX J040519.5+200925|EPIC 210818897|Gaia DR1 51886331671914496|Gaia DR2 51886335968692480,FALSE,FALSE,TRUE,
GL169.1A,470826482635704064,,,,,,GL169.1A|Karmn J04311+589|ASCC  176742|2MASS J04311147+5858375|USNO-B1.0 1489-00136092|8pc 181.36A|CCDM J04312+5858A|CSI+58-04268  1|G 175-34A|GJ   169.1 A|IDS 04224+5849 A|JP11  5943|LHS    26|NLTT 13373|UBV    4295|USNO 120|USNO 807|Zkh  62|[RHG95]   780|LSPM J0431+5858W|WDS J04312+5858A|** STN 2051A|Gaia DR2 470826482635704064|IRAS 04268+5852|AKARI-IRC-V1 J0431126+585823|WISE J043113.20+585816.7|UCAC4 745-033846|NAME Stein 2051 A|WISEA J043113.21+585816.7|PM J04311+5858|NAME Stein 2051A,FALSE,FALSE,TRUE,
GJ3378,999747822484300800,,,,,,GJ3378|LFT  443|NLTT 15885|LSPM J0601+5935|2MASS J06011106+5935508|USNO-B1.0 1495-00160060|8pc 132.10|G 192-13|GJ  3378|L 1813-21|LHS  1805|LP   86-137|LTT 11755|[RHG95]   998|PLX 1373.01|WISEA J060110.89+593540.3|PM J06011+5935|Gaia DR2 999747822484300800,FALSE,FALSE,TRUE,
GL251,939072613334579328,,,,,,GL251|Karmn J06548+332|2MASS J06544902+3316058|IRAS 06515+3320|PLX 1609|LSPM J0654+3316|TYC 2441-572-1|ASCC  574333|UCAC2  43431171|USNO-B1.0 1232-00178536|8pc 181.32|AC +33 25644|CSI+33-06516|Ci 20  400|G  87-12|G 103-68|GCRV  4506|GEN# +9.80087012|GEN# +6.10010251|GJ   251|HD 265866|HIC  33226|HIP  33226|JP11  5122|JP11  5121|JP11  5123|JP11  5120|LFT  497|LHS  1879|LTT 11941|MCC 482|NLTT 17147|UBV M  42939|Wolf  294|Zkh  95|[RHG95]  1094|PLX 1609.00|WISEA J065448.38+331601.2|UCAC4 617-038292|StKM 2-440|PM J06548+3316|Gaia DR1 939072609037892224|WEB  6685|Gaia DR2 939072613334579328,FALSE,FALSE,TRUE,
GJ1105,922225002820369152,,,,,,GJ1105|Karmn J07582+413|TYC 2968-1142-1|PM J07582+4118|UCAC4 657-049582|LSPM J0758+4118|ASCC  402755|UCAC2  46137824|USNO-B1.0 1313-00192853|G 111-47|GEN# +9.80111047|GJ  1105|HIC  38956|HIP  38956|LHS  1963|NLTT 18699|UBV M  53745|USNO 133|Zkh 115|[RHG95]  1247|2MASS J07581269+4118134|PLX 1875.01|Gaia DR2 922225002820369152,FALSE,FALSE,TRUE,
PMJ08402+3127,709563717249089792,,,,,,PMJ08402+3127|Karmn J08402+314|2MASS J08401597+3127068|USNO-B1.0 1214-00166608|LSPM J0840+3127|UCAC4 608-044702|PM J08402+3127|Gaia DR2 709563717249089792,FALSE,FALSE,TRUE,
GJ1148,772430527947893632,,,,,,GJ1148|Karmn J11417+427|Gaia DR1 772430901610348032|WISEA J114144.08+424506.2|Gaia DR2 772430527947893632|TYC 3016-1877-1|PM J11417+4245|UCAC4 664-056772|LSPM J1141+4245|ASCC  408337|UCAC2  46566670|G 122-40|GJ  1148|HIC  57050|HIP  57050|LFT  836|LHS  2443|LTT 13210|NLTT 28266|Ross 1003|USNO 725|[RHG95]  1827|2MASS J11414471+4245072|USNO-B1.0 1327-00279297|PLX 2703.01|HAT 141-00143,FALSE,FALSE,TRUE,
GJ1151,786834302079285632,,,,,,GJ1151|ILT J115055.50+482225.2|Karmn J11509+483|LSPM J1150+4822|NLTT 28752|2MASS J11505787+4822395|USNO-B1.0 1383-00239712|G 122-49|GEN# +9.80122049|GJ  1151|LHS   316|PM 11485+4840|UBV M  53759|USNO 144|Zkh 171|[RHG95]  1854|PLX 2739.01|Gaia DR2 786834302079285632|WISEA J115056.09+482228.4|StKM 2-769|PM J11509+4822|GALEX 3858637239337622240,FALSE,FALSE,TRUE,
TWHYA,5401795662560500352,,,,,,TWHYA|1RXP J110152.0-344212|1RXS J110152.0-344212|2MASS J11015191-3442170|AAVSO 1057-34|CD-34  7151|GSC 07208-00347|HBC 568|HIC  53911|HIP  53911|Hen 3-549|IRAS 10594-3426|PDS  42|TWA 1|TYC 7208-347-1|UCAC2  17035364|V* TW Hya|[DML87] 277|[TDQ2000] TRX  9|Gaia DR2 5401795662560500352|SV* HV  4089|JCMTSE J110152.0-344214|JCMTSF J110152.0-344214|PSCz P10594-3426|ASAS J110152-3442.3|AKARI-FIS-V1 J1101516-344214|UCAC4 277-058769|PM J11018-3442|Gaia DR1 5401795658263638912,FALSE,FALSE,TRUE,
GJ1154,3698534434669937024,,,,,,GJ1154|RX J1214.2+0037|1RXS J121417.5+003730|Karmn J12142+006|LSPM J1214+0037|NLTT 30062|2MASS J12141654+0037263|USNO-B1.0 0906-00208882|G  13-22|GEN# +9.80013022|GJ  1154|LHS  2531|LTT 13408|UBV M  53449|USNO 236|Zkh 176|[GKL99] 253|PLX 2817.01|[RHG95]  1923|[ZEH2003] RX J1214.2+0037  3|UCAC3 182-116001|UCAC4 454-051105|WISEA J121415.86+003723.3|PM J12142+0037|Gaia DR2 3698534434669937024,FALSE,FALSE,TRUE,
GL480,3928391218812375808,,,,,,GL480|PLX 2915|LSPM J1238+1141|ASCC  954292|USNO-B1.0 1016-00213233|CSI+11-12364|Ci 20  726|G  60-24|G  61-5|GCRV  7601|GEN# +9.80060024|GJ   480|HIC  61706|HIP  61706|LFT  933|LHS   338|LTT 13588|NLTT 31394|PM 12364+1158|Wolf  433|Zkh 185|[RHG95]  1988|2MASS J12385241+1141461|PLX 2915.00|TYC  878-1104-1|WISEA J123851.61+114143.5|UCAC4 509-053260|PM J12388+1141|GALEX 3085073634393327396|WEB 10979|Gaia DR2 3928391218812375808,FALSE,FALSE,TRUE,
GL445,1129149723913123456,,,,,,GL445|2MASS J11474143+7841283|PLX 2722|AC +79  3883-0|LSPM J1147+7841|ASCC   34165|USNO-B1.0 1686-00047479|8pc 185.48|AC +79  3888|AC +79  3888-0|CSI+78-11446|G 254-29|GCRV  7135|GEN# +9.80254029|GEN# +6.10010445|GJ   445|HIC  57544|HIP  57544|JP11  5142|LFT  849|LHS  2459|LTT 13235|NLTT 28539|TYC 4553-192-1|Zkh 168|[RHG95]  1845|PLX 2722.00|UCAC4 844-010540|PM J11476+7841|Gaia DR1 1129149719617136384|WEB 10334|Gaia DR2 1129149723913123456,FALSE,FALSE,TRUE,
GL617B,1642642957122493824,,,,,,GL617B|LSPM J1616+6715|TYC 4195-1167-1|ASCC   86598|AC +67  5226|AC +67  5226-0|CCDM J16167+6715B|CSI+67   935  2|G 240-15|G 225-58|G 257-33|GCRV 66176|GEN# +1.00147379B|GEN# +1.20147379|GJ   617 B|GSC 04195-01167|HIC  79762|HIP  79762|IDS 16166+6729 B|IDS 16165+6729 B|LFT 1264|LHS  3176|LTT 14864|NLTT 42489|UBV   13870|V* EW Dra|VVO 405|[RHG95]  2567|2MASS J16164537+6715224|USNO-B1.0 1572-00194547|WDS J16167+6714B|** ENG   57B|WISEA J161644.44+671523.3|UCAC4 787-024324|PM J16167+6715|Gaia DR1 1642642952826225024|GALEX 6370950986031173392|WEB 13499|Gaia DR2 1642642957122493824,FALSE,FALSE,TRUE,
GJ4063,2110165780975185792,,,,,,GJ4063|Karmn J18346+401|PM J18346+4007W|LSPM J1834+4007|ASCC  421007|UCAC2  45843486|USNO-B1.0 1301-00298017|GJ  4063|LP  229-17|NLTT 46690|TYC 3109-1699-1|[RHG95]  2921|2MASS J18343664+4007266|WISEP J183436.70+400724.3|WISEA J183436.71+400724.2|UCAC4 651-063412|StKM 2-1382|[GAL2014] J18346+4007|Gaia DR2 2110165780975185792,FALSE,FALSE,TRUE,
V*CWUMA,758200712885953280,,,,,,V*CWUMA|ASCC  585783|LSPM J1111+3332W|USNO-B1.0 1235-00200538|2MASS J11115176+3332111|CSV   1710|G 119-62|GJ  3647|NLTT 26581|RBS   949|SV* P   719|SV* SVS   314|V* CW UMa|[GKL99] 235|[RHG95]  1742|PLX 2604.01|1RXS J111151.8+333213|RX J1111.8+3332|[ZEH2003] RX J1111.8+3332  1|HAT 228-00237|UCAC4 618-048637|StKM 2-708|PM J11118+3332S|Gaia DR2 758200712885953280,FALSE,FALSE,TRUE,
LP214-26,777005625896147072,,,,,,LP214-26|LSPM J1104+4000|ASCC  407561|UCAC2  45825243|USNO-B1.0 1300-00210749|GJ  3640|GSC 03010-01216|HIC  54105|HIP  54105|LP  214-26|NLTT 26156|TYC 3010-1216-1|[RHG95]  1720|2MASS J11041590+4000165|HAT 183-00175|WISEA J110415.71+400015.8|UCAC4 651-050998|StKM 2-696|PM J11042+4000|Gaia DR1 777005625896147072|Gaia DR2 777005625896147072,FALSE,FALSE,TRUE,
GL752A,4293318823182081408,,,,,,GL752A|Karmn J19169+051N|PLX 4494|UCAC2  33630690|LSPM J1916+0510|ASCC 1070266|2MASS J19165526+0510086|USNO-B1.0 0951-00432102|2E  4216|8pc 170.26A|AG+05 2703|BD+04  4048|CSI+04  4048  1|Ci 20 1143|DO  5540|G  22-22|G 142-24|GCRV 11733|GEN# +1.00180617A|GJ   752 A|GSC 00472-01252|HD 180617|HIC  94761|HIP  94761|JP11  3084|LFT 1466|LHS   473|LTT 15645|MCC  65|NLTT 47619|PPM 167538|Ross  652|TYC  472-1252-1|UBV   16316|UBV M  23632|V* V1428 Aql|VVO  69|Wolf 1055|Zkh 288|[GKL99] 369|[HFE83] 1274|[RHG95]  3037|1E 191429+0505.5|2E 1914.4+0505|WDS J19169+0510A|IRAS 19145+0505|CCDM J19169+0510A|** LDS 6334A|GJ   752|PM 19145+0505|GCRV 69237|PM J19169+0510|UCAC4 476-093846|Gaia DR1 4293318818833464832|WEB 16538|Gaia DR2 4293318823182081408,FALSE,FALSE,TRUE,
TWA9A,3463395519357786752,,,,,,TWA9A|Gaia DR2 3463395519357786752|2MASS J11482422-3728491|CCDM J11484-3729A|CD-36  7429A|UCAC2  15960771|WDS J11484-3729A|1SWASP J114824.21-372849.2|ASAS J114824-3728.8|V* V1239 Cen|TYC 7229-70-1|TWA 9A|ASAS J114824-3728.6|UCAC4 263-062750|** RSS  274A|Gaia DR1 3463395519357786752,FALSE,FALSE,TRUE,
J1604,6243393817024157184,,,,,,J1604|WISEA J160421.64-213028.7|[KKL2000b] 90|2MASS J16042165-2130284|[KKL2000b] RX J1604.3-2130A|[PZ99] J160421.7-213028|[PBB2002] USco J160421.7-213028|RX J1604.3-2130A|EPIC 204638512|Gaia DR2 6243393817024157184,FALSE,FALSE,TRUE,
CWTAU,163184091252903936,,,,,,CWTAU|2MASS J04141700+2810578|Kim 3-39|[ABG2007] 321|XEST 20-OM-005|XEST 20-046|[GBA2007] 302|AAVSO 0408+27|CSI+28-04113|GCRV 54857|GSC 01827-01207|HBC  25|IRAS 04112+2803|MHA 259-3|PDS   5|SV* SVS   688|SV* P  2613|UBV    4099|V* CW Tau|[OMK98]  4|PSCz P04112+2803|HH  220|[GMM2009] Tau L1495 18|AKARI-IRC-V1 J0414170+281058|UCAC2  41665643|WISE J041417.00+281057.6|SSTtau 041417.0+281057|Gaia DR2 163184091252903936,FALSE,FALSE,TRUE,
DOTAU,148449913884294528,,,,,,DOTAU|Kim 1-20|2MASS J04382858+2610494|CSI+26-04354|GCRV 55265|HBC  67|ITG  7|MHA 259-15|SV* SVS  1086|UBV    4459|V* DO Tau|[TNS87]  3|SSTc2d J043828.6+261049|JCMTSF J043828.8+261050|JCMTSE J043828.8+261050|IRAS 04353+2604|[OMK98] 34|WDS J04385+2611C|HH  230|AKARI-IRC-V1 J0438285+261048|UCAC2  40978501|WISE J043828.58+261049.4|SSTtau 043828.5+261049|EPIC 248049475|Gaia DR2 148449913884294528,FALSE,FALSE,TRUE,
TWA25,6150861598480158336,,,,,,TWA25|PM J12155-3948|UCAC4 251-054364|2MASS J12153072-3948426|GSC 07760-00283|TWA 25|TYC 7760-283-1|UCAC2  14822540|CD-39  7538|1RXS J121527.9-394843|ASAS J121531-3948.7|V* V1249 Cen|Gaia DR1 6150861594185298176|Gaia DR2 6150861598480158336,FALSE,FALSE,TRUE,
17PEG,2728431923869085056,,,,,,17PEG|*  17 Peg|AG+11 2735|BD+11  4696|FK5 3751|GC 30719|GCRV 13788|GEN# +1.00208565|GSC 01130-01972|HD 208565|HIC 108339|HIP 108339|HR  8373|2MASS J21565637+1204354|N30 4836|PPM 140856|ROT  3192|SAO 107528|SKY# 41820|TD1 28611|TYC 1130-1972-1|UBV   18771|UBV M  26010|uvby98 100208565|WEB 19513|YZ  11  8738|Gaia DR2 2728431923869085056,FALSE,FALSE,TRUE,
23LMI,741357981454593536,,,,,,23LMI|*  23 LMi|AG+29 1104|BD+30  1981|FK5 2823|GC 14086|GCRV  6468|GEN# +1.00088960|GSC 01975-01399|HD  88960|HIC  50303|HIP  50303|HR  4024|IRAS 10134+2933|2MASS J10161444+2918379|PPM 100213|ROT  1546|SAO  81258|SKY# 19743|TD1 14689|TYC 1975-1399-1|UBV    9521|UBV M  16070|uvby98 100088960|WEB  9237|YZ  29  5271|Gaia DR2 741357981454593536,FALSE,FALSE,TRUE,
24LYN,1082548980858594560,,,,,,24LYN|*  24 Lyn|ADS  6285 A|AG+58  607|AKARI-IRC-V1 J0743003+584236|BD+59  1103|CCDM J07430+5843A|CSI+59  1103  1|FK5  292|GC 10343|GCRV  5121|GEN# +1.00061497A|GSC 03794-01738|HD  61497|HIC  37609|HIP  37609|HR  2946|IDS 07346+5857 A|IRAS 07387+5849|JP11  1581|2MASS J07430040+5842372|N30 1737|PLX 1806|PLX 1806.00|PMC 90-93   213|PPM  31272|ROT  1236|SAO  26474|SKY# 14252|TD1 10663|TYC 3794-1738-1|UBV    7356|UBV M  13483|uvby98 100061497 A|WDS J07430+5843A|WEB  7434|YZ  58  5184|Gaia DR2 1082548980858594560,FALSE,FALSE,TRUE,
31CAS,532613572919594240,,,,,,31CAS|*  31 Cas|AG+68   65|AKARI-IRC-V1 J0110393+684642|BD+68    77|CCDM J01107+6847A|CSI+68    77  1|FK5 2074|GC  1406|GCRV   670|GEN# +1.00006829|GSC 04296-01459|HD   6829|HIC   5518|HIP   5518|HR   336|IDS 01039+6814 A|IRAS 01072+6830|2MASS J01103933+6846429|PLX  235|PLX  235.00|PMC 90-93  1194|PPM  12780|ROT   175|SAO  11612|SKY#  1796|TD1   656|TYC 4296-1459-1|UBV    1172|uvby98 100006829|WEB  1219|Gaia DR2 532613572919594240,FALSE,FALSE,TRUE,
33LYN,909820931110880640,,,,,,33LYN|*  33 Lyn|AG+36  857|BD+36  1840|GC 11744|GCRV  5634|GEN# +1.00072524|GSC 02489-02141|HD  72524|HIC  42090|HIP  42090|HR  3377|2MASS J08344388+3625107|PPM  73821|Renson 20100|SAO  60907|SKY# 16381|TD1 12658|TYC 2489-2141-1|UBV    8134|UBV M  14440|uvby98 100072524|WEB  8092|Gaia DR2 909820931110880640,FALSE,FALSE,TRUE,
51DRA,2134604351047361920,,,,,,51DRA|*  51 Dra|AG+53 1191|BD+53  2178|GC 26290|GCRV 11557|GEN# +1.00178207|HD 178207|HGAM    733|HIC  93713|HIP  93713|HR  7251|2MASS J19045515+5323479|N30 4231|PLX 4448|PLX 4448.00|PMC 90-93  4951|PPM  37071|ROT  2726|SAO  31371|SKY# 35282|TD1 23938|TYC 3919-1316-1|UBV   16220|uvby98 100178207|WEB 16283|YZ  53  5853|Gaia DR2 2134604351047361920|Gaia DR1 2134604346750000256,FALSE,FALSE,TRUE,
59PEG,2665976777193321600,,,,,,59PEG|*  59 Peg|AG+08 3201|BD+07  4991|FK5 1606|GC 32302|GCRV 14557|GEN# +1.00218918|GSC 01161-01795|HD 218918|HIC 114520|HIP 114520|HR  8826|IRAS 23092+0827|2MASS J23114419+0843122|N30 5100|PLX 5612|PLX 5612.00|PMC 90-93  1142|PPM 173843|ROT  3376|SAO 128022|SKY# 43996|TD1 29684|TYC 1161-1795-1|UBV   19847|UBV M  26884|uvby98 100218918|WEB 20323|YZ   8 11552|Gaia DR2 2665976777193321600,FALSE,FALSE,TRUE,
74PSCB,2790497465471261568,,,,,,74PSCB|HD   6457|* psi01 Psc B|*  74 Psc B|ADS   899 B|AG+21   95|BD+20   157|CCDM J01057+2128B|GC  1310|GCRV   621|GEN# +1.00006457|GSC 01202-02125|HIC   5132|HIP   5132|HR   311|IDS 01003+2056 B|2MASS J01054169+2127555|PPM  90462|ROT   166|SAO  74483|SKY#  1670|TYC 1202-2125-1|UBV    1080|UBV M   7917|uvby98 100006457|WDS J01057+2128B|WEB  1056|Gaia DR2 2790497465471261568,FALSE,FALSE,TRUE,
82UMA,1560127186438933760,,,,,,82UMA|*  82 UMa|AG+53  912|BD+53  1640|GC 18473|GCRV  8077|GEN# +1.00119024|GSC 03851-00126|HD 119024|HIC  66634|HIP  66634|HR  5142|IRAS 13375+5310|2MASS J13393044+5255164|PLX 3123|PLX 3123.00|PPM  34131|ROT  1984|SAO  28832|SKY# 25105|TD1 16984|TYC 3851-126-1|UBV   12241|UBV M  19616|uvby98 100119024|WEB 11754|WISE J133930.29+525517.0|YZ  53  4333|Gaia DR2 1560127186438933760,FALSE,FALSE,TRUE,
AUMIC,6794047652729201024,,,,,,AUMIC|HD 197481|** LDS  720A|AKARI-IRC-V1 J2045097-312029|ASAS J204510-3120.4|ASAS J204509-3120.3|1AXG J204508-3119|CCDM J20451-3122A|CD-31 17815|Ci 20 1225|CPC 17 11323|CPD-31  6335|2E  4416|2E 2042.0-3131|2EUVE J2045-31.3|EUVE J2045-31.3|GCRV 12995|GEN# +1.00197481|GJ   803|HIC 102409|HIP 102409|IDS 20390-3142 A|IRAS 20420-3131|IRAS F20420-3131|LTT  8214|2MASS J20450949-3120266|MCC 824|NLTT 49807|PLX 4939|PLX 4939.00|PM J20451-3120|PPM 300560|RBS  1695|2RE J2045-312|2RE J204510-312000|RE J2045-312|RE J204509-312004|RX J2045.2-3120|1RXS J204509.4-312023|SAO 212402|1SWASP J204509.52-312027.2|TIC 441420236|TYC 7457-641-1|UBV   17963|UCAC4 294-224065|UGP 505|V* AU Mic|WDS J20452-3120A|WEB 18541|WISEA J204509.75-312030.9|WISE J204509.76-312030.9|Zkh 310|[FS2003] 1089|[GKL99] 394|[L91b] 329|[RHG95]  3241|Gaia DR2 6794047652729201024,FALSE,FALSE,TRUE,
BETSER,1195823284390905728,,,,,,BETSER|* bet Ser|*  28 Ser|** STF 1970A|ADS  9778 A|AG+15 1580|AKARI-IRC-V1 J1546112+152518|BD+15  2911|CCDM J15461+1525A|CSI+15  2911  1|FK5  583|GC 21194|GCRV  9094|GEN# +1.00141003A|GSC 01495-01994|HD 141003|HGAM    641|HIC  77233|HIP  77233|HR  5867|IDS 15416+1544 A|IRAS 15438+1534|JP11  2645|2MASS J15461125+1525185|N30 3542|NAME Chow|PLX 3569|PMC 90-93   414|PPM 131676|ROT  2222|SAO 101725|SKY# 28510|SRS  30583|TD1 18546|TYC 1495-1994-1|UBV   13431|uvby98 100141003|WDS J15462+1525A|WEB 13088|YZ  15  5643|Gaia DR2 1195823284390905728,FALSE,FALSE,TRUE,
CHICAP,6832245893565505024,,,,,,CHICAP|* chi Cap|*  25 Cap|** VIG   20A|** HJ 3009A|BD-21  5933|BDS 10744 A|CCDM J21086-2112A|CSI-21  5933  1|FK5 3690|GC 29543|GCRV 13286|GEN# +1.00201184|GJ  9720 A|GJ  9720|HD 201184|HIC 104365|HIP 104365|HR  8087|IDS 21028-2136 A|2MASS J21083363-2111373|N30 4672|PLX 5079|PLX 5079.00|PPM 272094|Renson 56140|ROT  3079|SAO 190050|SKY# 40213|TD1 27697|TYC 6358-1841-1|UBV   18290|uvby98 100201184|WDS J21086-2112A|WEB 19001|YZ 111  9067|Gaia DR2 6832245893565505024,FALSE,FALSE,TRUE,
DRTAU,3406081865148861440,,,,,,DRTAU|2MASS J04470620+1658428|AKARI-IRC-V1 J0447062+165842|CSI+16-04442|EPIC 246923113|GCRV 55412|GSC 01271-01233|HBC  74|IRAS 04442+1653|IRAS F04442+1653|JCMTSE J044706.1+165842|JCMTSF J044706.1+165842|MHA 257-8|PSCz P04442+1653|SV* SVS  1088|TYC 1271-1233-1|UBV    4574|UCAC2  37661005|UCAC3 214-21403|V* DR Tau|WISE J044706.22+165842.8|[LC2009] 9|AAVSO 0441+16B|Gaia DR1 3406081860852425600|Gaia DR2 3406081865148861440,FALSE,FALSE,TRUE,
EPSILONERI,5164707970261630080,,,,,,"EPSILONERI|* eps Eri|*  18 Eri|** BLA    2|** MBA    1A|1AXG J033256-0926|BD-09   697|CCDM J03329-0927A|Ci 20  241|1E 0330.5-0937|2E   788|2E 0330.5-0937|2EUVE J0332-09.4|EUVE J0332-09.4|FK5  127|GC  4244|GCRV  1962|GEN# +1.00022049|GES J03325495-0927294|GJ   144.0|GJ   144|HD  22049|HIC  16537|HIP  16537|HR  1084|IRAS 03305-0937|IRC -10048|JP11   792|LFT  291|LHS  1557|LPM 158|LTT  1675|2MASS J03325591-0927298|N30  726|NAME Ran|NLTT 11207|8pc 310.75|PLX  742|PLX  742.00|PMC 90-93    91|PM 03306-0938|PPM 185905|RAFGL  497|RBS   439|2RE J033253-092646|2RE J0332-092|RE J0332-092|RE J033255-092717|ROT   531|RX J0332.9-0927|1RXS J033256.4-092727|SACS  76|SAO 130564|SKY#  5366|SPOCS  171|TD1  2301|TYC 5296-1533-1|UBV    3410|UBV M   9580|uvby98 100022049|V* eps Eri|WDS J03329-0927A|WDS J03329-0927Aa,Ab|WEB  3160|YZ   0  4513|YZ  99   836|Zkh  51|[FS2003] 0134|Gaia DR2 5164707970261630080",FALSE,FALSE,TRUE,
ETAPYX,5647071417958187392,,,,,,ETAPYX|* eta Pyx|** VIG   11A|** RST 2571A|CCDM J08379-2615A|CD-25  6356|CPD-25  3792|CSI-25  6356 21|FK5 2676|GC 11848|GCRV  5678|GEN# +1.00073495|GSC 06578-02618|HD  73495|HIC  42334|HIP  42334|HR  3420|IDS 08336-2554 A|2MASS J08375215-2615179|PLX 2060|PLX 2060.00|PPM 254861|ROT  1359|SAO 176189|SKY# 16495|SRS  41938|TD1 12821|TYC 6578-2618-1|UBV    8229|UBV M  14540|uvby98 100073495|WDS J08379-2615A|WEB  8138|YZ 116  6605|Gaia DR2 5647071417958187392,FALSE,FALSE,TRUE,
GAMSCT,4104122833743954304,,,,,,GAMSCT|* gam Sct|BD-14  5071|FK5  696|GC 25220|GCRV 10944|GEN# +1.00170296|GSC 05702-02882|HD 170296|HIC  90595|HIP  90595|HR  6930|JP11  2984|2MASS J18291185-1433567|N30 4102|PLX 4246|PLX 4246.00|PMC 90-93   495|PPM 234600|ROT  2609|SACS 405|SAO 161520|SKY# 33786|TD1 22498|TYC 5702-2882-1|UBV   15703|UBV M  22985|uvby98 100170296|WEB 15512|YZ 104  6778|Gaia DR2 4104122833743954304,FALSE,FALSE,TRUE,
GAMTRI,326109689896474752,,,,,,GAMTRI|* gam Tri|*   9 Tri|AG+33  212|BD+33   397|CEL    245|FK5   79|GC  2742|GCRV  1264|GEN# +1.00014055|HD  14055|HIC  10670|HIP  10670|HR   664|IRAS 02143+3336|JP11   614|2MASS J02171888+3350500|N30  463|PLX  468|PLX  468.00|PMC 90-93    57|PPM  67170|ROT   320|SAO  55427|SKY#  3374|SRS  30079|TD1  1325|TYC 2318-1875-1|UBV    2304|UBV M   8847|uvby98 100014055|WEB  2246|WISE J021718.90+335049.4|[DML87]  45|Gaia DR2 326109689896474752,FALSE,FALSE,TRUE,
GJ1002,2441630500517079808,,,,,,GJ1002|LHS     2|FBS L 10-3|FBS 0004-077|GEN# +9.80158027|G 158-27|GJ  1002|JP11  5942|Karmn J00067-075|2MASS J00064325-0732147|NLTT   248|NSV 15022|8pc 213.00|PLX    9.0|PLX    9.01|PM 00042-0747|UBV M  53816|UCAC4 413-000170|USNO 210|WISEA J000642.61-073237.0|Zkh   3|[RHG95]    19|Gaia DR2 2441630500517079808,FALSE,FALSE,TRUE,
GJ1214,4393265392167891712,,,,,,GJ1214|LHS  3275|** GJ 1214A|GEN# +9.80139021|G 139-21|GJ  1214|LSPM J1715+0457|2MASS J17151894+0457496|NLTT 44431|PLX 3913.01|PM J17153+0457|UBV M  53793|UCAC4 475-063069|USNO-B1.0 0949-00280047|USNO 256|WDS J17153+0458A|WISEA J171519.33+045742.2|[RHG95]  2724|Gaia DR2 4393265392167891712,FALSE,FALSE,TRUE,
GJ1286,2640434056928150400,,,,,,GJ1286|LHS   546|EPIC 246333864|GALEX 2908236980274858545|GEN# +9.80157077|G 157-77|GJ  1286|Karmn J23351-023|2MASS J23351050-0223214|NLTT 57290|8pc 138.30|PLX 5703.11|PM J23351-0223|UCAC4 439-123945|USNO 474|WISEA J233511.02-022329.7|Zkh 351|[RHG95]  3715|Gaia DR2 2640434056928150400,FALSE,FALSE,TRUE,
GJ1289,2879455480941956736,,,,,,GJ1289|LHS  4003|CSI+36-23406|GALEX 6372217670673108177|GEN# +9.80130004|G 190-43|G 130-4|G 171-12|GJ  1289|Karmn J23431+365|LSPM J2343+3632|2MASS J23430628+3632132|NLTT 57748|PLX 5741.21|PM J23431+3632|UBV M  53771|USNO 100|USNO 686|USNO-B1.0 1265-00549220|WISEA J234307.14+363211.5|Zkh 354|[RHG95]  3748|Gaia DR2 2879455480941956736,FALSE,FALSE,TRUE,
GJ9827,2643842302456085888,,,,,,GJ9827|G 157-63|BD-02  5958|DENIS J232704.7-011710|EPIC 246389858|GCRV 14711|GEN# -0.00205958|GJ  9827|HIC 115752|HIP 115752|K2-135|LTT  9542|2MASS J23270480-0117108|MCC  78|NLTT 56901|PLX 5678.1|PLX 5678.10|PPM 709671|StKM 2-1732|UBV   20128|UBV M   5122|UCAC4 444-131738|WEB 20484|WISEA J232705.10-011708.2|[RHG95]  3696|Gaia DR2 2643842302456085888,FALSE,FALSE,TRUE,
GL15A,385334230892516480,,,,,,GL15A|HD   1326|** GRB   34A|AC2000 1406215|ADS   246 A|AG+43   37|AKARI-IRC-V1 J0018248+440125|ASCC  373571|BD+43    44|CCDM J00184+4401A|Ci 20   19|CSI+43    44  4|CSI+43    44  1|DO 23070|GAT 1029|GC   358|GCRV   161|GEN# +1.10001326|G 171-47|GJ    15 A|Gmb   34|HIC   1475|HIP   1475|JP11   170|JP11   360|Karmn J00183+440|LFT   31|LHS     3|LSPM J0018+4401W|LTT 10108|2MASS J00182256+4401222|MCC  85|NLTT   919|8pc 280.27A|PLX   49|PM J00183+4401|PM 00155+4344|PPM  42798|SAO  36248|StKM 2-24a|SV* SVS  2042|TYC 2794-157-1|UBV     205|UBV     207|UCAC4 671-001465|USNO-B1.0 1340-00005988|USNO 787|V* GX And|VVO 124|WDS J00184+4401A|WEB   265|WISEA J001825.70+440126.9|WISE J001825.71+440126.8|Zkh   5|[GKL99]   9|[GS83]  66|[RHG95]    60|Gaia DR2 385334230892516480|Gaia DR1 385334123516493568,FALSE,FALSE,TRUE,
GL382,3828238392559860992,,,,,,GL382|BD-03  2870|ASAS J101218-0344.8|ASAS J101217-0344.6|GALEX 6381998870279227813|GCRV 61131|GEN# -0.00302870|G 162-25|G  53-29|GJ   382|HIC  49986|HIP  49986|IRAS 10097-0329|JP11   247|Karmn J10122-037|LTT  3734|2MASS J10121768-0344441|MCC 569|NLTT 23680|8pc 127.99|PLX 2395.11|PM J10122-0344|PPM 193190|1RXS J101217.2-034442|SAO 137411|StKM 2-618|TYC 4907-704-1|UBV M   5136|UCAC4 432-051854|V* AN Sex|VVO  13|WEB  9193|WISEA J101217.55-034447.1|YZC 17  3945|YZ  93  3945|Zkh 139|[RHG95]  1595|Gaia DR2 3828238392559860992,FALSE,FALSE,TRUE,
GL388,625453654702751872,,,,,,"GL388|BD+20  2465|* gam Leo C|** BAG   32|** STF 1424C|ADS  7724 C|AG+20 1170|ASCC  863621|1AXG J101937+1951|CCDM J10199+1951C|Ci 18 1244|Ci 20  574|2E  2259|2E 1016.8+2007|1ES 1016+20.1|2EUVE J1019+19.8|EUVE J1019+19.8|EXO 1016.8+2007|GALEX 6382632183606019510|GC 14167|GCRV  6499|GEN# +0.02002465|G  54-23|GJ   388|GJ   388 A|GPM 154.902458+19.870105|IRAS 10169+2007|JP11    62|Karmn J10196+198AB|LHS  5167|LSPM J1019+1952|LTT 12761|2MASS J10193634+1952122|MCC 574|NLTT 24015|8pc 204.60|PLX 2420|PLX 2420.00|PM J10196+1952|PPM 127309|Pul -3  660015|RBS   855|2RE J101936+195209|2RE J1019+195|RE J1019+195|RE J101935+195212|RX J1019.6+1952|1RXS J101936.3+195215|SAO  81292|StKM 2-626|TYC 1423-174-1|UBV    9550|UCAC2  38796273|UCAC4 550-048962|USNO-B1.0 1098-00182796|V* AD Leo|WDS J10200+1950Ca,Cb|WEB  9274|WISEA J101935.88+195211.9|Zkh 141|[CGL99] 10|[FS2003] 0555|[GKL99] 216|[JHC84] 155|[R97] NGC  3227  8|[RHG95]  1616|[ZEH2003] RX J1019.6+1952  3|Gaia DR2 625453654702751872",FALSE,FALSE,TRUE,
GL436,4017860992519744384,,,,,,GL436|LHS   310|AC +27 28217|ASCC  683818|BPS BS 15625-0002|CSI+26-11395|CSI+27-11395|CSI+27-11394|GCRV  7104|GEN# +9.80120068|G 120-68|G 147-68|G 121-7|GJ   436|HIC  57087|HIP  57087|Karmn J11421+267|LFT  838|LP  319-75|LSPM J1142+2642|LTT 13213|2MASS J11421096+2642251|MCC 616|NLTT 28288|PLX 2704.1|PLX 2704.10|PM 11395+2700|PM J11421+2642|Ross  905|1RXS J114211.9+264328|StKM 2-754|TYC 1984-2613-1|UCAC2  41198281|UCAC4 584-046777|USNO-B1.0 1167-00204205|VVO 171|WEB 10275|WISEA J114211.79+264215.1|Zkh 164|[RHG95]  1830|Gaia DR2 4017860992519744384|Gaia DR1 4017861056947245696,FALSE,FALSE,TRUE,
GL514,3738099879558957952,,,,3200,HEADER[CFHT],GL514|LHS   352|AG+10 1630|AKARI-IRC-V1 J1330002+102230|ASCC  955736|BD+11  2576|Ci 20  782|GALEX 6378656384993461793|GCRV  8008|GEN# +0.01102576|G  63-34|GJ   514|HIC  65859|HIP  65859|IRAS 13275+1038|JP11    45|LFT 1012|LSPM J1329+1022|LTT 13925|2MASS J13295979+1022376|MCC 143|NLTT 34287|8pc 131.12|PLX 3079|PLX 3079.00|PM 13275+1039|PM J13299+1022|PPM 129864|Ross  490|RX J1329.9+1022|1RXS J132958.5+102252|StKM 2-947|TYC  895-317-1|UBV   12123|UBV   12139|UBV M    489|UCAC2  35403307|UCAC4 502-056873|USNO-B1.0 1003-00216029|VVO   5|WEB 11651|WISEA J133000.58+102226.4|Zkh 200|[FS2003] 0673|[RHG95]  2123|[ZEH2003] RX J1329.9+1022  2|Gaia DR2 3738099879558957952,FALSE,FALSE,TRUE,
GL536,3657653114880309248,,,,,,GL536|LHS  2842|BD-01  2892|DO  3431|GALEX 2934871549946109210|GEN# +1.00122303|G  64-35|GJ   536|HD 122303|HIC  68469|HIP  68469|LFT 1061|L  979-36|LPM 504|LTT  5470|2MASS J14010324-0239180|MCC 705|NLTT 35989|NSV 20022|PLX 3195|PLX 3195.00|PM J14010-0239|1RXS J140108.4-023906|StKM 2-1001|TYC 4978-501-1|UBV M  19903|UCAC4 437-057272|WISEA J140102.63-023911.1|[RHG95]  2216|Gaia DR2 3657653114880309248|Gaia DR1 3657653144944789504,FALSE,FALSE,TRUE,
GL687,1637645127018395776,,,,,,GL687|LHS   450|** STU   10B|AG+68  732|ASCC   88385|BD+68   946|CCDM J17366+6822B|Ci 18 2354|Ci 20 1053|2E  3930|2E 1736.7+6822|GAT  732|GC 23926|GCRV 10198|GEN# +0.06800946|G 240-63|G 258-11|GJ   687|HIC  86162|HIP  86162|IDS 17370+6826 A|IRAS 17366+6822|JP11   237|Karmn J17364+683|LFT 1364|LSPM J1736+6820|LTT 15232|2MASS J17362594+6820220|MCC 322|NLTT 45190|8pc 220.85|PLX 4029|PLX 4029.00|PM J17364+6820|PPM  20469|RX J1736.4+6828|RX J1736.4+6820|1RXS J173627.2+682031|SAO  17568|TYC 4428-1943-1|UBV   15039|UBV M   4844|UCAC4 792-027376|USNO-B1.0 1583-00174990|WDS J17364+6820B|WEB 14533|Zkh 260|[GHM2003] 2100|[RHG95]  2797|[ZEH2003] RX J1736.4+6820  1|Gaia DR2 1637645127018395776|Gaia DR1 1637645328881199360,FALSE,FALSE,TRUE,
GL699,4472832130942575872,,,,3224,HEADER[CFHT],GL699|BD+04  3561a|AC2000  146626|ASCC 1153178|CCDM J17578+0441A|Ci 20 1069|CSI+04-17554|CSV   7737|1E 1755.3+0438|GAT   12|GCRV 10392|GEN# +0.00403561|G 140-24|GJ   699|GSC 00425-00184|GSC 00425-02502|HIC  87937|HIP  87937|IRAS 17553+0438|JP11    18|Karmn J17578+046|LFT 1385|LHS    57|LSPM J1757+0441|LTT 15309|2MASS J17574849+0441405|MCC 799|NAME Barnard's star|NAME Barnard Star|NLTT 45718|NSV  9910|8pc 549.01|PLX 4098|PLX 4098.00|PM J17578+0441N|StKM 2-1355|TYC  425-2502-1|UBV   15269|UCAC2  33428712|UCAC4 474-068224|USNO-B1.0 0946-00315199|USNO 347|USNO 876|uvby98 000403561|V* V2500 Oph|VVO   6|WEB 14849|WISEA J175747.94+044323.8|Zkh 269|[RHG95]  2849|Gaia DR2 4472832130942575872,FALSE,FALSE,TRUE,
GL725A,2154880616773521408,,,,3398,HEADER[CFHT],GL725A|LHS    58|** STF 2398A|** LDS 1466A|ADS 11632 A|AG+59 1185|ASCC  201775|BD+59  1915A|CCDM J18428+5937A|Ci 20 1105|Ci 18 2456|CSI+59  1915  1|DO 36465|GC 25648|GCRV 11183|GEN# +1.00173739A|G 227-46|G 229-13|GJ   725 A|HD 173739|HIC  91768|HIP  91768|JP11  3019|Karmn J18427+596N|LFT 1431|LSPM J1842+5937N|LTT 15522|2MASS J18424666+5937499|NLTT 46947|NSV 11288|8pc 280.28A|PLX 4330|PM J18427+5937N|PPM  36785|SAO  31128|TYC 3930-1791-1|UBV   15969|UBV M  23214|UCAC4 749-054798|USNO-B1.0 1496-00255595|WDS J18428+5938A|WEB 15792|WISEA J184244.96+593805.4|WISE J184244.93+593807.9|YZ  59  9945|Zkh 280|[RHG95]  2945|Gaia DR2 2154880616773521408|Gaia DR1 2154877657540108928,FALSE,FALSE,TRUE,
GL725B,2154880616772528384,,,,3106,HEADER[CFHT],GL725B|LHS    59|** LDS 1466B|** STF 2398B|ADS 11632 B|AG+59 1186|ASCC  201777|BD+59  1915B|CCDM J18428+5937B|Ci 20 1106|CSI+59  1915  2|GC 25649|GCRV 11184|G 227-47|G 229-14|GJ   725 B|HD 173740|HIC  91772|HIP  91772|IDS 18415+5931 B|JP11  3021|Karmn J18427+596S|LFT 1432|LSPM J1842+5937S|LTT 15523|2MASS J18424688+5937374|NLTT 46948|8pc 284.48B|PM J18427+5937S|PPM  36786|SAO  31129|TYC 3930-1791-2|UBV   15970|UBV M  23216|UCAC4 749-054799|USNO-B1.0 1496-00255603|WDS J18428+5938B|WEB 15793|WISE J184245.01+593755.9|YZ  59  9947|Zkh 281|[RHG95]  2946|Gaia DR2 2154880616772528384|Gaia DR1 2154877657540105216,FALSE,FALSE,TRUE,
GL846,2683023811628007296,,,,3880,HEADER[CFHT],GL846|LHS  3745|AG+01 2676|ASCC 1175435|BD+00  4810|Ci 20 1331|DO  7683|GCRV 13839|GEN# +1.00209290|G  18-16|G  27-5|G  26-44|G  93-66|GJ   846|HD 209290|HIC 108782|HIP 108782|IRAS 21596+0109|Karmn J22021+014|LFT 1678|LSPM J2202+0124|LTT 16435|2MASS J22021026+0124006|MCC 335|NLTT 52725|PLX 5318|PLX 5318.00|PM 21596+0110|PM J22021+0124|PPM 172573|TYC  558-1540-1|UBV M  26062|UBV   18818|UCAC4 458-125308|USNO-B1.0 0914-00554481|VVO  73|WEB 19569|WISEA J220209.96+012358.0|Wolf 1340|Zkh 327|[HFE83] 1478|[RHG95]  3458|Gaia DR2 2683023811628007296|Gaia DR1 2683023807333389952,FALSE,FALSE,TRUE,
GL876,2603090003484152064,,,,,,GL876|BD-15  6290|Ci 20 1387|EPIC 206019387|EPIC 206019392|GCRV 14365|GEN# -0.01506290|G 156-57A|G 156-57|GJ   876 A|GJ   876|GSC 05819-00957|HIC 113020|HIP 113020|JP11   295|Karmn J22532-142|LFT 1745|LHS   530|LPM 841|LTT  9244|2MASS J22531672-1415489|MCC 337|NC 59|NLTT 55130|8pc 212.69A|PLX 5546|PLX 5546.00|PM J22532-1415|Ross  780|TYC 5819-1255-1|UBV   19209|UBV   19610|UBV M   5470|UCAC2  26801725|UCAC4 379-165686|V* IL Aqr|WEB 20121|WISEA J225317.42-141556.1|Zkh 338|[RHG95]  3604|Gaia DR2 2603090003484152064,FALSE,FALSE,TRUE,
HD130917,1281505648559728640,,,,,,HD130917|HD 130917|AG+28 1440|BD+29  2581|BDS  7024 A|CCDM J14500+2837A|CSI+29  2581  1|FK5 3171|GC 19966|GCRV  8615|GEN# +1.00130917|HIC  72552|HIP  72552|HR  5532|IDS 14457+2902 A|2MASS J14495840+2836568|N30 3349|PPM 103618|ROT  2119|SAO  83551|SKY# 26939|TD1 17763|TYC 2022-1296-1|UBV   12932|UBV M  20401|uvby98 100130917|WDS J14500+2837A|WEB 12474|YZ  28  6989|Gaia DR2 1281505648559728640|Gaia DR1 1281505644263769472,FALSE,FALSE,TRUE,
HD159170,4170156100434293120,,,,,,HD159170|HD 159170|** DRW   60A|BD-05  4461|FK5 3392|GC 23788|GCRV 10140|GEN# +1.00159170|GSC 05092-00788|HIC  85922|HIP  85922|HR  6534|IRAS 17308-0542|2MASS J17332984-0544412|N30 3906|PPM 200792|SACS 382|SAO 141730|SKY# 31693|SRS  14276|TD1 20608|TYC 5092-788-1|UBV   14947|UBV M  22251|uvby98 100159170|WDS J17334-0544A|WEB 14499|WISE J173329.81-054442.1|YZ  95  5905|Gaia DR2 4170156100434293120,FALSE,FALSE,TRUE,
HD189733,1827242816201846144,,,,,,HD189733|HD 189733|** BAK    1A|AG+22 2072|ASCC  807144|BD+22  3887|EXO 195834+2234.6|GC 27741|GEN# +1.00189733|GJ  4130|GSC 02141-00972|HIC  98505|HIP  98505|LSPM J2000+2242|LTT 15851|2MASS J20004370+2242391|NLTT 48568|PPM 110211|1RXS J200043.3+224240|SAO  88060|SKY# 37530|SPOCS 3132|TYC 2141-972-1|USNO-B1.0 1127-00538857|uvby98 100189733|V* V452 Vul|WDS J20007+2243A|WISEA J200043.63+224236.1|Wolf  864|YZ  22  7419|Gaia DR2 1827242816201846144|Gaia DR1 1827242811876888960,FALSE,FALSE,TRUE,
HR1314,275189932031936000,,,,,,HR1314|HD  26764|AG+53  373|BD+53   750|FK5 2310|GC  5132|GCRV  2433|GEN# +1.00026764|GSC 03719-01538|HIC  19949|HIP  19949|HR  1314|IRAS 04128+5329|2MASS J04164310+5336423|N30  877|PLX  936|PLX  936.00|PPM  29033|ROT   621|SAO  24512|SKY#  6542|TD1  2938|TYC 3719-1538-1|UBV    4113|UBV M  10018|uvby98 100026764|WEB  3807|Gaia DR2 275189932031936000,FALSE,FALSE,TRUE,
HR1832,3390049198910034560,,,,,,HR1832|HD  36162|AG+15  485|BD+15   837|CEL    740|GC  6805|GCRV  3331|GEN# +1.00036162|GSC 01297-01552|HIC  25790|HIP  25790|HR  1832|2MASS J05302617+1521375|PPM 121025|ROT   825|SAO  94596|SKY#  8823|TD1  4720|TYC 1297-1552-1|UBV    5267|UBV M  11043|uvby98 100036162|WEB  5011|YPAC 383|YZ  15  1548|Gaia DR2 3390049198910034560,FALSE,FALSE,TRUE,
HR2180,2916794444848455168,,,,,,HR2180|HD  42301|BD-22  1327|CD-22  1327|CD-22  2793|CPD-22  1079|FK5 1165|GC  7830|GCRV  3877|GEN# +1.00042301|GSC 05945-02604|HIC  29150|HIP  29150|HR  2180|2MASS J06085786-2225385|N30 1319|PLX 1423|PLX 1423.00|PMC 90-93   782|PPM 249913|SACS 136|SAO 171293|SKY# 10300|SRS  31165|TD1  6232|TYC 5945-2604-1|UBV    6213|UBV M  11820|uvby98 100042301|WEB  5718|YZ 112  3280|Gaia DR2 2916794444848455168|Gaia DR1 2916794444848426752,FALSE,FALSE,TRUE,
HR2209,1106980167886430592,,,,,,HR2209|HD  42818|AG+69  293|BD+69   371|FK5  234|GC  8020|GCRV  3964|GEN# +1.00042818|GSC 04345-02051|HIC  29997|HIP  29997|HR  2209|IRAS 06133+6920|JP11  1340|2MASS J06185079+6919112|N30 1348|PLX 1436|PLX 1436.00|PMC 90-93   169|PPM  15683|ROT   994|SAO  13788|SKY# 10704|TD1  6375|TYC 4345-2051-1|UBV    6254|UBV M  11873|uvby98 100042818|WEB  5949|[HFE83]  433|Gaia DR2 1106980167886430592|Gaia DR1 1106980163586885632,FALSE,FALSE,TRUE,
HR3131,5714859436544147200,,,,,,HR3131|HD  65810|BD-18  2118|FAUST 2219|FK5 1212|GC 10825|GCRV  5317|GEN# +1.00065810|GSC 05986-03435|HIC  39095|HIP  39095|HR  3131|IRAS 07576-1815|JP11  1619|2MASS J07595205-1823573|N30 1835|PLX 1899|PLX 1899.00|PMC 90-93   822|PPM 219496|ROT  1283|SAO 153687|SKY# 14993|TD1 11518|TYC 5986-3435-1|UBV    7693|UBV M  13879|uvby98 100065810|WEB  7667|YZ   0  6239|YZ 108  3078|Gaia DR2 5714859436544147200,FALSE,FALSE,TRUE,
HR4687,1692365552989740928,,,,,,HR4687|HD 107193|AG+75  540|BD+75   470|EXO 1216.6+7526|FK5 2986|GC 16797|GCRV  7379|GEN# +1.00107193|GSC 04550-02114|HIC  60044|HIP  60044|HR  4687|IRAS 12165+7526|2MASS J12184995+7509379|PLX 2837|PLX 2837.00|PMC 90-93  1312|PPM   8128|Pul -3  930127|ROT  1805|SAO   7540|SKY# 23071|TD1 16203|TYC 4550-2114-1|UBV   11066|uvby98 100107193|WEB 10672|Gaia DR2 1692365552989740928,FALSE,FALSE,TRUE,
HR4722,3576836467618497152,,,,,,HR4722|HD 108107|BD-10  3467|GC 16931|GEN# +1.00108107|GSC 05529-01713|HIC  60595|HIP  60595|HR  4722|2MASS J12251176-1136380|PPM 225805|SAO 157272|SKY# 23248|SRS  10976|TD1 16255|TYC 5529-1713-1|UBV   11155|UBV M  18183|uvby98 100108107|YZC 11  4518|Gaia DR2 3576836467618497152,FALSE,FALSE,TRUE,
HR6025,1643563042195991424,,,,,,HR6025|HD 145454|AG+67  690|BD+68   864|FK5 3276|GC 21705|GCRV  9286|GEN# +1.00145454|GSC 04419-02888|HIC  78893|HIP  78893|HR  6025|2MASS J16061971+6748365|N30 3620|PLX 3670|PLX 3670.00|PPM  19733|ROT  2289|SAO  16962|SKY# 29071|TD1 18940|TYC 4419-2888-1|UBV   13759|uvby98 100145454|WEB 13335|Gaia DR2 1643563042195991424,FALSE,FALSE,TRUE,
HR8489,1958476259155515008,,,,,,HR8489|HD 211211|AG+42 2150|BD+42  4333|FK5 3778|GC 31127|GCRV 13993|GEN# +1.00211211|GSC 03207-02263|HIC 109831|HIP 109831|HR  8489|2MASS J22144436+4257141|N30 4903|PMC 90-93  1463|PPM  62681|ROT  3241|SAO  51797|SKY# 42399|TD1 28928|TYC 3207-2263-1|uvby98 100211211|WEB 19726|Gaia DR2 1958476259155515008|Gaia DR1 1958476259155515008,FALSE,FALSE,TRUE,
HR875,5186208817062871168,,,,,,HR875|HD  18331|BD-04   502|FK5 1080|GC  3541|GCRV  1639|GEN# +1.00018331|GSC 04703-01166|HIC  13717|HIP  13717|HR   875|IRAS 02541-0354|JP11   721|2MASS J02563742-0342444|N30  603|PLX  612|PLX  612.00|PMC 90-93   712|PPM 185207|ROT   394|SAO 130199|SKY#  4420|TD1  1781|TYC 4703-1166-1|UBV    2858|UBV M   9239|uvby98 100018331|WEB  2720|YZ  93   704|Gaia DR2 5186208817062871168,FALSE,FALSE,TRUE,
IOTCYG,2136270970157966464,,,,,,IOTCYG|* iot Cyg|*  10 Cyg|* iot02 Cyg|AG+51 1322|BD+51  2605|CEL   4776|FK5  733|GC 26947|GCRV 11936|GEN# +1.00184006|GSC 03555-02112|HD 184006|HIC  95853|HIP  95853|HR  7420|IRAS 19284+5137|JP11  3110|KIC 12650049|2MASS J19294236+5143472|N30 4326|PLX 4570|PLX 4570.00|PMC 90-93   522|PPM  37459|ROT  2809|SAO  31702|SKY# 36306|TD1 24876|TYC 3555-2112-1|UBV   16566|UBV M  23857|uvby98 100184006|WEB 16783|YZ  51  6043|Gaia DR2 2136270970157966464,FALSE,FALSE,TRUE,
K2-147,6764974194470777600,,,,,,K2-147|EPIC 213715787|K2-147|2MASS J19351996-2829523|Gaia DR2 6764974194470777600,FALSE,FALSE,TRUE,
K2-33,6245758900889486720,,,,,,K2-33|2MASS J16101473-1919095|EPIC 205117205|K2-33|Karmn J16102-193|UGCS J161014.73-191909.4|USNO-B1.0 0706-00324223|WISEA J161014.73-191909.6|[PBB2002] USco J161014.7-191909|[PGZ2001] J161014.7-191909|Gaia DR2 6245758900889486720,FALSE,FALSE,TRUE,
LLEO,3871147177431061760,,,,,,LLEO|* l Leo|*  53 Leo|AG+10 1359|BD+11  2283|FK5  409|GC 14889|GCRV  6723|GEN# +1.00093702|GSC 00849-01444|HD  93702|HIC  52911|HIP  52911|HR  4227|2MASS J10491541+1032427|N30 2558|PLX 2517.1|PLX 2517.10|PMC 90-93   293|PPM 127730|ROT  1616|SAO  99305|SKY# 20716|SRS  30409|TD1 15159|TYC  849-1444-1|UBV    9935|UBV M  16523|uvby98 100093702|WEB  9631|YZ  10  4123|[HFE83]  751|Gaia DR2 3871147177431061760,FALSE,FALSE,TRUE,
OMICAPA,6860821651019024896,,,,,,OMICAPA|HD 195094|*  12 Cap A|* omi Cap A|ADS 13902 A|BD-19  5831|CCDM J20299-1835A|GC 28503|GSC 06333-02130|HIC 101123|HIP 101123|HR  7830|IDS 20242-1855 A|2MASS J20295391-1834593|PPM 237509|ROT  2984|SAO 163626|SKY# 38780|TYC 6333-2130-1|UBV   17760|UBV M  24874|uvby98 100195094 A|WDS J20299-1835A|YZ 108  8789|Gaia DR2 6860821651019024896|Gaia DR1 6860821646719117952,FALSE,FALSE,TRUE,
PHILEO,3789997584304629248,,,,,,PHILEO|* phi Leo|*  74 Leo|** SHJ  121A|BD-02  3315|BDS  5729 A|CCDM J11166-0339A|FK5 1292|GC 15511|GCRV  6915|GEN# +1.00098058|GSC 04925-01610|HD  98058|HIC  55084|HIP  55084|HR  4368|IDS 11116-0307 A|IRAS 11141-0322|JP11  2044|2MASS J11163972-0339056|N30 2648|PLX 2620|PLX 2620.00|PMC 90-93   890|PPM 194304|ROT  1676|SAO 138102|SKY# 21474|TYC 4925-1610-1|UBV   10278|UBV M  16945|uvby98 100098058|WDS J11167-0339A|WEB  9934|YZ  93  4264|[HFE83]  786|Gaia DR2 3789997584304629248,FALSE,FALSE,TRUE,
PI.02ORI,3289827339648726272,,,,,,PI.02ORI|*   2 Ori|* pi.02 Ori|AG+08  506|BD+08   777|CEL    472|GC  5892|GCRV  2846|GEN# +1.00030739|GSC 00683-01217|HD  30739|HGAM    346|HIC  22509|HIP  22509|HR  1544|IRAS 04478+0848|JP11   935|2MASS J04503674+0854004|PLX 1082|PLX 1082.00|PPM 148045|ROT   684|SAO 112124|SKY#  7533|TD1  3609|TYC  683-1217-1|UBV    4648|UBV M  10369|uvby98 100030739|WEB  4343|WISE J045036.73+085400.5|YZ   8  1821|[SC93b]   6|Gaia DR2 3289827339648726272,FALSE,FALSE,TRUE,
RULUP,6010114558131195392,,,,,,RULUP|HD 142560|ALS 18952|AN   47.1916|CD-37 10602|GCRV  9169|GEN# +1.00142560|GSC 07838-00546|HBC 251|Hen 3-1120|HIC  78094|HIP  78094|IRAS F15533-3740|IRAS 15534-3740|JP11  2678|LSE 140|2MASS J15564230-3749154|SV* HV  3402|Sz  83|THA 15-13|TYC 7838-546-1|UCAC2  15776260|V* RU Lup|WEB 13206|WRAY 15-1386|2XMM J155642.3-374915|[KWS97] Lupus 2 29|AAVSO 1550-37|Gaia DR1 6010114553824198784|Gaia DR2 6010114558131195392,FALSE,FALSE,TRUE,
TAUBOO,1244571953471006720,,,,,,TAUBOO|* tau Boo|* tau Boo A|*   4 Boo|** STT  270A|ADS  9025 A|AG+17 1387|AKARI-IRC-V1 J1347155+172724|ASCC  869404|BD+18  2782|CCDM J13473+1727A|Ci 20  807|CSI+18  2782  1|CSV   7085|2E  3138|2E 1344.8+1742|FK5  507|GC 18637|GCRV  8140|GEN# +1.00120136|GJ   527 A|GJ   527|GSC 01460-00132|HD 120136|HIC  67275|HIP  67275|HR  5185|IDS 13425+1757 A|IRAS 13448+1742|JP11  2426|LSPM J1347+1727|LTT 14021|2MASS J13471581+1727249|N30 3139|NLTT 35234|NSV  6444|PLX 3144|PMC 90-93   361|PPM 130070|RBS  1315|ROT  1996|RX J1347.2+1727|RX J1347.2+1726|1RXS J134716.2+172733|SAO 100706|SKY# 25297|SPOCS  577|TD1 17060|TYC 1460-132-1|UBV   12303|USNO-B1.0 1074-00267954|uvby98 100120136|WDS J13473+1727A|WEB 11837|WISEA J134715.36+172725.6|2XMM J134715.6+172726|YZ  17  5012|[HFE83]  972|[ZEH2003] RX J1347.2+1727  1|Gaia DR2 1244571953471006720,FALSE,FALSE,TRUE,
TOI-1278,1867491607542113536,,,,,,TOI-1278,FALSE,FALSE,FALSE,Not sure. Simbad finds nothing and TOI 1278 not found in simbad
TOI-1452,2264839957167921024,,,,,,TOI-1452,FALSE,FALSE,FALSE,Not sure. Simbad finds nothing and TOI not found in simbad
TOI-1759,2216420110788943744,,,,,,TOI-1759|TYC 4266-736-1|ASCC  146309|LSPM J2147+6245|2MASS J21472477+6245139|PM J21474+6245|UCAC4 764-062655|USNO-B1.0 1527-00385048|WISEA J214724.51+624513.8|Gaia DR2 2216420110788943744|Gaia DR1 2216420106486098048,FALSE,FALSE,TRUE,Had to cross-check 2mass in exofop (or TYC).
TOI-233,2402715141877299584,,,,,,TOI-233|LP  821-31|LEHPM 5281|2MASS J22545039-1854426|NLTT 55230|PM J22548-1854|RAVE J225450.4-185443|UCAC4 356-202464|WISEA J225450.17-185444.1|Gaia DR2 2402715141877299584,FALSE,FALSE,TRUE,Had to cross-check 2mass in exofop.
TOI-442,3189306030970782208,,,,,,TOI-442|G 160-62|LP  714-47|2MASS J04164560-1205023|NLTT 12920|PM J04167-1205|RAVE J041645.6-120502|UCAC4 390-005323|WISEA J041645.63-120504.4|Gaia DR2 3189306030970782208,FALSE,FALSE,TRUE,Had to cross-check 2mass in exofop.
TOI-732,3767281845873242112,,,,,,TOI-732|G 162-44|** LDS 3977A|Karmn J10185-117|LP  729-54|LTT  3780|2MASS J10183516-1142599|NLTT 23974|PM J10185-1143|TIC 36724087|TOI 732|UCAC4 392-050728|WDS J10185-1143A|WISEA J101834.88-114302.8|Gaia DR2 3767281845873242112,FALSE,FALSE,TRUE,
TOI-736,3562427951852172288,,,,,,TOI-736|LP  791-18|2MASS J11024596-1624222|TIC 181804752|TOI 736|Gaia DR2 3562427951852172288,FALSE,FALSE,TRUE,First TOI easy to id without 2mass
TOI-876,2963392606627366912,,,,,,TOI-876|LP  837-48|2MASS J05362611-2414377|NLTT 15371|Gaia DR2 2963392606627366912,FALSE,FALSE,TRUE,Had to cross-check 2mass in exofop.
TRAPPIST-1,2635476908753563008,,,,,,TRAPPIST-1|EPIC 246199087|EPIC 200164267|K2-112|Karmn J23064-050|2MASS J23062928-0502285|2MASSI J2306292-050227|2MASSW J2306292-050227|2MUCD 12171|TRAPPIST-1|WISEA J230630.02-050234.1|Gaia DR2 2635476908753563008,FALSE,FALSE,TRUE,
TYC3980-1081-1,2202703050388170880,,,,,,TYC3980-1081-1|TYC 3980-1081-1|** KPP 4252A|AKARI-IRC-V1 J2151382+591739|IRAS 21500+5903|2MASS J21513828+5917383|PM J21516+5917|1RXS J215138.0+591745|WDS J21516+5918A|Gaia DR2 2202703050388170880|Gaia DR1 2202703046092276096,FALSE,FALSE,TRUE,
TYC4384-1735-1,1070387905514406400,,,,,,TYC_4384-1735-1|TYC 4384-1735-1|ASCC   80588|Karmn J10088+692|LSPM J1008+6916|2MASS J10085177+6916357|PM J10088+6916|Pul -3  630354|TIC 103633434|TOI 1235|UCAC4 797-019598|USNO-B1.0 1592-00104225|WISEA J100852.20+691635.7|Gaia DR2 1070387905514406400|Gaia DR1 1070387901218437632,FALSE,FALSE,TRUE,
WASP-127,3778075717162985600,,,,,,WASP-127|BD-03  2978|GSC 04916-00912|2MASS J10421407-0350062|PPM 193701|RAVE J104214.1-035006|1SWASP J104214.08-035006.3|TYC 4916-912-1|WASP-127|Gaia DR1 3778075712867534976|Gaia DR2 3778075717162985600,FALSE,FALSE,TRUE,
ZETLEP,2996171698248345984,,,,,,ZETLEP|* zet Lep|*  14 Lep|BD-14  1232|FK5  219|GC  7247|GCRV  3591|GEN# +1.00038678|GJ  9190|GJ   217.1|GSC 05359-01778|HD  38678|HIC  27288|HIP  27288|HR  1998|IRAS 05446-1450|JP11  1259|2MASS J05465735-1449189|N30 1240|PLX 1326|PLX 1326.00|PMC 90-93   157|PPM 216268|ROT   925|SACS 125|SAO 150801|SKY#  9500|TD1  5348|TYC 5359-1778-1|UBV    5925|UBV M  11498|uvby98 100038678|WEB  5364|YZ 104  1761|Gaia DR2 2996171698248345984,FALSE,FALSE,TRUE,
ZETVIR,3662636823132020480,,,,,,ZETVIR|LTT  5252|* zet Vir|*  79 Vir|** HNK    7A|AG-00 1843|BD+00  3076|FK5  501|GC 18351|GCRV  8040|GEN# +1.00118098|GJ  3792|HD 118098|HIC  66249|HIP  66249|HR  5107|IRAS 13321-0020|JP11  2406|2MASS J13344160-0035450|N30 3094|NAME Heze|NLTT 34515|PLX 3100|PLX 3100.00|PMC 90-93   357|PPM 179083|ROT  1974|SAO 139420|SKY# 24984|TD1 16924|TYC 4966-1366-1|UBV   12182|UBV M  19520|uvby98 100118098|WDS J13347-0036A|WEB 11707|WISEA J133441.43-003544.5|Gaia DR2 3662636823132020480,FALSE,FALSE,TRUE,
GL412A,778947814402405120,,,,,,GL412A|Karmn J11054+435|Gaia DR2 778947814402405120|PLX 2582|ASCC  407596|UCAC2  46827681|2MASS J11052903+4331357|USNO-B1.0 1335-00220263|8pc 206.94A|AC2000 1463341|AG+43 1004|AGKR  9948|BD+44  2051|CSI+44  2051  1|Ci 20  606|Ci 18 1349|FK5 4979|Furuhjelm    I-650|G 176-11|GC 15252|GCRV  6831|GEN# +0.04402051A|GJ   412 A|GSC 03012-02528|HIC  54211|HIP  54211|IRAS F11029+4346|IRAS 11027+4347|JP11   178|JP11   179|JP11   177|LAL 21258|LFT  757|LHS    38|LTT 12976|MCC  35|NLTT 26245|PPM  52239|SAO  43609|TYC 3012-2528-1|UBV   10126|UBV M   3351|Zkh 150|[RHG95]  1723|LSPM J1105+4331W|WDS J11055+4332A|PM J11054+4331|CCDM J11055+4332A|** VBS   18A|AKARI-IRC-V1 J1105259+433142|WISE J110524.38+433146.2|[ZEH2003] RX J1105.5+4331  1|WISEA J110524.36+433146.2|StKM 2-698|UCAC4 668-057562|WEB  9800,FALSE,FALSE,TRUE,Correct ID (from CFHT)
